SET FOREIGN_KEY_CHECKS = 0;
TRUNCATE TABLE `stat_increase`;
Truncate Table `stat_increase_amulet`;
Truncate Table `stat_increase_armor`;
Truncate Table `scaling`;
TRUNCATE TABLE `attribute_increase_amulet`;
TRUNCATE TABLE `blade`;
TRUNCATE TABLE `handle`;
TRUNCATE TABLE `stats_weapon_s`;
TRUNCATE TABLE `level_p`;
TRUNCATE TABLE `amulet`;
TRUNCATE TABLE `armor`;
TRUNCATE TABLE `attribute`;
TRUNCATE TABLE `weapon_upgrade_n`;
TRUNCATE TABLE `weapon_upgrade_s`;
TRUNCATE TABLE `p_organ`;
TRUNCATE TABLE `stat`;
SET FOREIGN_KEY_CHECKS = 1;




INSERT INTO `amulet` (id, description, name, weight) VALUES (1,'Increases HP by 7%.','Life Amulet',1.3),(2,'Increases HP by 13%.','Life Amulet +1',2.4),(3,'Increases Stamina by 10%.','Leaping Amulet',1.0),(4,'Increases Stamina by 15%.','Leaping Amulet +1',3.6),(5,'Increases Legion by 20%.','Veteran\'s Amulet',2.4),(6,'Reduces durability loss.','Swordmanship Master\'s Amulet',2.0),(7,'Restores 1HP/sec.','Recharged Amulet',2.9),(8,'Restores 2HP/sec.','Recharged Amulet +1',4.1),(9,'Increases Stamina regen.','Patience Amulet',2.7),(10,'Increases HP/Stamina/Legion by 5%/7%/7%.','Blue Guardianship Amulet',1.7),(11,'Increases HP/Stamina/Legion by 6%/8%/8%.','Blue Guardianship Amulet +1',2.4),(12,'Increases HP/Stamina/Legion by 7%/10%/10%.','Blue Guardianship Amulet +2',3.4),(13,'Increases ergo collection by 6,5%.','Hunter\'s Amulet',1.4),(14,'Increases ergo collection by 10%.','Hunter\'s Amulet +1',2.4),(15,'Increases motivity by 4.','Strength Amulet',1.7),(16,'Increases motivity by 6.','Strength Amulet +1',2.4),(17,'Increases motivity by 9.','Strength Amulet +2',3.4),(18,'Increases technique by 4.','Technique Amulet',1.7),(19,'Increases technique by 6.','Technique Amulet+1',2.4),(20,'Increases technique by 9.','Technique Amulet+2',3.4),(21,'Increases advance by 4.','Transformation Amulet',2.5),(22,'Increases advance by 6.','Transformation Amulet +1',3.4),(23,'Increases advance by 9.','Transformation Amulet +2',4.3),(24,'Increases motivity and technique by 3.','Red Fox\'s Amulet',2.4),(25,'Increases max weight by 15%.','Carrier\'s Amulet',3.3),(26,'Increases max weight by 30%.','Carrier\'s Amulet +1',4.1),(27,'Increases Physical Reduction by 8.','Iron Wall Amulet',3.4),(28,'Reduces falling damage.','Black Cat\'s Amulet',1.2),(29,'Increases Resistance to Disruption/Shock/Break by 140/60/60.','Indomitable Amulet',2.5),(30,'Increases Resistance to Disruption/Shock/Break by 200/80/80.','Indomitable Amulet+1',3.8),(31,'Increases damage to carcasses by 10%.','Carcass Butcher\'s Amulet',2.0),(32,'Increases damage to humans by 10%.','Murderer Puppet\'s Amulet',2.0),(33,'Increases damage to puppets by 10%.','Puppet Destroyer\'s Amulet',2.0),(34,'Increses Critical Damage by 25%.','Assasin\'s Amulet',2.8),(35,'Increases Attack by 4%/Fable slot.','Extreme Modification Amulet',9.3),(36,'Increases damage by 20% after perfect block (first attack during 5 seconds).','Conquering Amulet',9.7),(37,'There is a chance to not consume healing uses.','Nameless One\'s Amulet',8.4),(38,'Increases 1 level of the mechanical arm.','Triumvirate Amulet',7.8),(39,'Increases Physical damage after secuential hits.','Arm of God Amulet',9.3),(40,'Allows to dodge fury attacks.','Ghost Walk Amulet',14.9),(41,'Perfect block does not consume durability.','Impregnable Fortress Amulet',10.2),(42,'Increases Fable damage by 20% against staggeredd enemies.','Awakened God\'s Amulet',11.2),(43,'Player becomes inmune to all status ailments.','Piercing Hatred Amulet',14.5);

INSERT INTO `armor` (id, name, type, weight) VALUES (1,'Workshop Union Basic Frame',1,5.8),(2,'Workshop Union Lightweight Frame',1,7.6),(3,'Workshop Union Lightweight Frame +1',1,9.4),(4,'Workshop Union Lightweight Frame +2',1,13.2),(5,'LADA F150 Frame',1,10.0),(6,'LADA F150 Frame +1',1,13.1),(7,'LADA F150 Frame +2',1,16.1),(8,'Workshop Union Strengthening Frame',1,13.2),(9,'Workshop Union Strengthening Frame +1',1,15.5),(10,'Workshop Union Strengthening Frame +2',1,19.3),(11,'Arch Heavyweight Frame',1,16.2),(12,'Arch Heavyweight Frame +1',1,18.7),(13,'Arch Heavyweight Frame +2',1,22.7),(14,'LADA F250 Frame',1,19.4),(15,'LADA F250 Frame +1',1,22.6),(16,'LADA F250 Frame +2',1,26.3),(17,'Arch Extra Heavyweight Frame',1,22.8),(18,'Arch Extra Heavyweight Frame +1',1,26.2),(19,'Arch Extra Heavyweight Frame +2',1,43.8),(20,'LADA F350 Frame',1,26.4),(21,'LADA F350 Frame +1',1,43.5),(22,'LADA F350 Frame +2',1,53.6),(23,'Workshop Union Old Generation Converter',2,2.7),(24,'Workshop Union Standard Insulation Converter',2,3.6),(25,'Workshop Union Standard Insulation Converter +1',2,4.7),(26,'Workshop Union Standard Insulation Converter +2',2,5.4),(27,'Workshop Union Standard Radiation Converter',2,3.9),(28,'Workshop Union Standard Radiation Converter +1',2,4.7),(29,'Workshop Union Standard Radiation Converter +2',2,5.5),(30,'Workshop Union Standard Corrosion Resistance Converter',2,3.9),(31,'Workshop Union Standard Corrosion Resistance Converter +1',2,4.7),(32,'Workshop Union Standard Corrosion Resistance Converter +2',2,5.5),(33,'Belford Superior Insulation Converter',2,7.1),(34,'Belford Superior Insulation Converter +1',2,8.4),(35,'Belford Superior Insulation Converter +2',2,9.4),(36,'Belford Superior Radiation Converter',2,7.1),(37,'Belford Superior Radiation Converter +1',2,8.3),(38,'Belford Superior Radiation Converter +2',2,9.4),(39,'Belford Superior Corrosion Resistance Converter',2,7.1),(40,'Belford Superior Corrosion Resistance Converter +1',2,8.1),(41,'Belford Superior Corrosion Resistance Converter +2',2,9.4),(42,'LADA Large Capacity Insulation Converter',2,11.3),(43,'LADA Large Capacity Insulation Converter +1',2,18.2),(44,'LADA Large Capacity Insulation Converter +2',2,22.3),(45,'LADA Large Capacity Radiant Converter',2,11.0),(46,'LADA Large Capacity Radiant Converter +1',2,18.1),(47,'LADA Large Capacity Radiant Converter +2',2,22.3),(48,'LADA Large Capacity Corrosion Resistance Converter',2,11.0),(49,'LADA Large Capacity Corrosion Resistance Converter +1',2,17.9),(50,'LADA Large Capacity Corrosion Resistance Converter +2',2,22.2),(51,'Workshop Union Cartridge Prototype',3,2.7),(52,'Belford Break Cartridge',3,3.9),(53,'Belford Break Cartridge +1',3,5.4),(54,'Belford Break Cartridge +2',3,7.8),(55,'Arch Break Cartridge',3,7.4),(56,'Arch Break Cartridge +1',3,8.5),(57,'Arch Break Cartridge +2',3,9.8),(58,'LADA Break Cartridge',3,11.7),(59,'LADA Break Cartridge +1',3,18.1),(60,'LADA Break Cartridge +2',3,22.3),(61,'Belford Shock Cartridge',3,3.9),(62,'Belford Shock Cartridge +1',3,5.2),(63,'Belford Shock Cartridge +2',3,7.5),(64,'Arch Shock Cartridge',3,7.4),(65,'Arch Shock Cartridge +1',3,8.4),(66,'Arch Shock Cartridge +2',3,9.5),(67,'LADA Shock Cartridge',3,11.7),(68,'LADA Shock Cartridge +1',3,17.9),(69,'LADA Shock Cartridge +2',3,22.2),(70,'Belford Disruption Cartridge',3,3.9),(71,'Belford Disruption Cartridge +1',3,5.5),(72,'Belford Disruption Cartridge +2',3,8.0),(73,'Arch Disruption Cartridge',3,7.5),(74,'Arch Disruption Cartridge +1',3,8.5),(75,'Arch Disruption Cartridge +2',3,9.8),(76,'LADA Disruption Cartridge',3,11.7),(77,'LADA Disruption Cartridge +1',3,18.2),(78,'LADA Disruption Cartridge +2',3,22.3),(79,'Workshop Union Certified Liner',4,3.5),(80,'Workshop Union Fiber-Reinforced Liner',4,5.8),(81,'Workshop Union Fiber-Reinforced Liner +1',4,6.1),(82,'Workshop Union Fiber-Reinforced Liner +2',4,8.8),(83,'Workshop Union Multi-Layer Liner',4,5.8),(84,'Workshop Union Multi-Layer Liner +1',4,6.1),(85,'Workshop Union Multi-Layer Liner +2',4,8.8),(86,'Workshop Union Spaced Armor Liner',4,5.8),(87,'Workshop Union Spaced Armor Liner +1',4,6.1),(88,'Workshop Union Spaced Armor Liner +2',4,8.8),(89,'Belford Fiber-Reinforced Liner',4,7.8),(90,'Belford Fiber-Reinforced Liner +1',4,8.8),(91,'Belford Fiber-Reinforced Liner +2',4,11.3),(92,'Belford Multi-Layer Liner',4,7.8),(93,'Belford Multi-Layer Liner +1',4,8.8),(94,'Belford Multi-Layer Liner +2',4,11.3),(95,'Belford Spaced Armor',4,7.8),(96,'Belford Spaced Armor +1',4,8.8),(97,'Belford Spaced Armor +2',4,11.3),(98,'Arch Fiber-Reinforced Liner',4,9.8),(99,'Arch Fiber-Reinforced Liner +1',4,11.0),(100,'Arch Fiber-Reinforced Liner +2',4,19.3),(101,'Arch Multi-Layer Liner',4,9.8),(102,'Arch Multi-Layer Liner +1',4,11.0),(103,'Arch Multi-Layer Liner +2',4,19.3),(104,'Arch Spaced Armor',4,9.8),(105,'Arch Spaced Armor +1',4,11.0),(106,'Arch Spaced Armor +2',4,19.3),(107,'LADA Fiber-Reinforced Liner',4,11.4),(108,'LADA Fiber-Reinforced Liner +1',4,18.9),(109,'LADA Fiber-Reinforced Liner +2',4,23.2),(110,'LADA Multi-Layer Liner',4,11.4),(111,'LADA Multi-Layer Liner +1',4,18.9),(112,'LADA Multi-Layer Liner +2',4,23.2),(113,'LADA Spaced Armor',4,11.4),(114,'LADA Spaced Armor +1',4,18.9),(115,'LADA Spaced Armor +2',4,23.2);

INSERT INTO `attribute` (id, name, sprite) VALUES (1,'Vitality',NULL),(2,'Vigor',NULL),(3,'Capacity',NULL),(4,'Motivity',NULL),(5,'Technique',NULL),(6,'Advance',NULL);

INSERT INTO `attribute_increase_amulet` (id, flat_increase, amulet_id, attribute_id) VALUES (1,4,15,4),(2,6,16,4),(3,9,17,4),(4,4,18,5),(5,6,19,5),(6,9,20,5),(7,4,21,6),(8,6,22,6),(9,9,23,6),(10,3,24,4),(11,3,24,5);

INSERT INTO `weapon_upgrade_n` (current_lvl, ergo, material, quantity) VALUES (1,0,'-',0),(2,200,'Hidden moonstone',1),(3,230,'Hidden moonstone',2),(4,260,'Hidden moonstone',4),(5,320,'Crescent moonstone',1),(6,430,'Crescent moonstone',2),(7,600,'Crescent moonstone',4),(8,860,'Half moonstone',1),(9,1160,'Half moonstone',2),(10,1570,'Half moonstone',4),(11,2100,'Full moonstone',1);

INSERT INTO `weapon_upgrade_s` (current_lvl, ergo, material, quantity) VALUES (1,0,'-',0),(2,200,'Dark moon moonstone of the covenant',1),(3,230,'Dark moon moonstone of the covenant',2),(4,260,'Dark moon moonstone of the covenant',4),(5,320,'Full moonstone of the covenant',1),(6,430,'Full moonstone of the covenant',2);

INSERT INTO `stats_weapon_s` (id, advance, elemental_attack, motivity, name, physical_attack, sprite, technique, total_attack, weight, current_level) VALUES (1,'-',0,'B','Seven-coil spring sword',130,NULL,'C',130,18.7,1),(2,'-',0,'B','Seven-coil spring sword',158,NULL,'C',158,18.7,2),(3,'-',0,'B','Seven-coil spring sword',187,NULL,'C',187,18.7,3),(4,'-',0,'B','Seven-coil spring sword',215,NULL,'C',215,18.7,4),(5,'-',0,'B','Seven-coil spring sword',244,NULL,'C',244,18.7,5),(6,'-',0,'B','Seven-coil spring sword',273,NULL,'C',273,18.7,6),(7,'-',0,'D','Etiquette',104,NULL,'A',104,9.3,1),(8,'-',0,'D','Etiquette',126,NULL,'A',126,9.3,2),(9,'-',0,'D','Etiquette',149,NULL,'A',149,9.3,3),(10,'-',0,'D','Etiquette',172,NULL,'A',172,9.3,4),(11,'-',0,'D','Etiquette',195,NULL,'A',195,9.3,5),(12,'-',0,'D','Etiquette',218,NULL,'A',218,9.3,6),(13,'-',0,'B','Holy sword of the ark',140,NULL,'C',140,21.2,1),(14,'-',0,'B','Holy sword of the ark',170,NULL,'C',170,21.2,2),(15,'-',0,'B','Holy sword of the ark',201,NULL,'C',201,21.2,3),(16,'-',0,'B','Holy sword of the ark',232,NULL,'C',232,21.2,4),(17,'-',0,'B','Holy sword of the ark',263,NULL,'C',263,21.2,5),(18,'-',0,'B','Holy sword of the ark',294,NULL,'C',294,21.2,6),(19,'-',0,'C','Trident of the covenant',122,NULL,'B',122,16.4,1),(20,'-',0,'C','Trident of the covenant',148,NULL,'B',148,16.4,2),(21,'-',0,'C','Trident of the covenant',175,NULL,'B',175,16.4,3),(22,'-',0,'C','Trident of the covenant',202,NULL,'B',202,16.4,4),(23,'-',0,'C','Trident of the covenant',229,NULL,'B',229,16.4,5),(24,'-',0,'C','Trident of the covenant',256,NULL,'B',256,16.4,6),(25,'-',0,'C','Puppet ripper',138,NULL,'B',138,16.4,1),(26,'-',0,'C','Puppet ripper',168,NULL,'B',168,16.4,2),(27,'-',0,'C','Puppet ripper',198,NULL,'B',198,16.4,3),(28,'-',0,'C','Puppet ripper',229,NULL,'B',229,16.4,4),(29,'-',0,'C','Puppet ripper',259,NULL,'B',259,16.4,5),(30,'-',0,'C','Puppet ripper',289,NULL,'B',289,16.4,6),(31,'-',0,'B','Frozen feast',167,NULL,'C',167,31.1,1),(32,'-',0,'B','Frozen feast',203,NULL,'C',203,31.1,2),(33,'-',0,'B','Frozen feast',240,NULL,'C',240,31.1,3),(34,'-',0,'B','Frozen feast',277,NULL,'C',277,31.1,4),(35,'-',0,'B','Frozen feast',313,NULL,'C',313,31.1,5),(36,'-',0,'B','Frozen feast',350,NULL,'C',350,31.1,6),(37,'-',0,'D','Two dragons sword',107,NULL,'A',107,12.9,1),(38,'-',0,'D','Two dragons sword',130,NULL,'A',130,12.9,2),(39,'-',0,'D','Two dragons sword',155,NULL,'A',155,12.9,3),(40,'-',0,'D','Two dragons sword',181,NULL,'A',181,12.9,4),(41,'-',0,'D','Two dragons sword',207,NULL,'A',207,12.9,5),(42,'-',0,'D','Two dragons sword',234,NULL,'A',234,12.9,6),(43,'-',0,'C','Uroboros\'s eye',128,NULL,'B',128,16.5,1),(44,'-',0,'C','Uroboros\'s eye',156,NULL,'B',156,16.5,2),(45,'-',0,'C','Uroboros\'s eye',186,NULL,'B',186,16.5,3),(46,'-',0,'C','Uroboros\'s eye',217,NULL,'B',217,16.5,4),(47,'-',0,'C','Uroboros\'s eye',248,NULL,'B',248,16.5,5),(48,'-',0,'C','Uroboros\'s eye',280,NULL,'B',280,16.5,6),(49,'-',0,'A','Noblesse oblige',153,NULL,'D',153,24.7,1),(50,'-',0,'A','Noblesse oblige',186,NULL,'D',186,24.7,2),(51,'-',0,'A','Noblesse oblige',220,NULL,'D',220,24.7,3),(52,'-',0,'A','Noblesse oblige',253,NULL,'D',253,24.7,4),(53,'-',0,'A','Noblesse oblige',287,NULL,'D',287,24.7,5),(54,'-',0,'A','Noblesse oblige',321,NULL,'D',321,24.7,6),(55,'-',0,'B','Proof of humanity',110,NULL,'B',100,20.5,1),(56,'-',0,'B','Proof of humanity',134,NULL,'B',134,20.5,2),(57,'-',0,'B','Proof of humanity',158,NULL,'B',158,20.5,3),(58,'-',0,'B','Proof of humanity',182,NULL,'B',182,20.5,4),(59,'-',0,'B','Proof of humanity',207,NULL,'B',207,20.5,5),(60,'-',0,'B','Proof of humanity',231,NULL,'B',231,20.5,6),(61,'-',0,'C','Golden Lie',94,NULL,'C',94,12.3,1),(62,'-',0,'C','Golden Lie',114,NULL,'C',114,12.3,2),(63,'-',0,'C','Golden Lie',135,NULL,'C',135,12.3,3),(64,'-',0,'C','Golden Lie',156,NULL,'C',156,12.3,4),(65,'-',0,'C','Golden Lie',176,NULL,'C',176,12.3,5),(66,'-',0,'C','Golden Lie',228,NULL,'C',228,12.3,6),(67,'-',0,'C','Azure dragon crescent glaive',128,NULL,'B',128,16.1,1),(68,'-',0,'C','Azure dragon crescent glaive',156,NULL,'B',156,16.1,2),(69,'-',0,'C','Azure dragon crescent glaive',184,NULL,'B',184,16.1,3),(70,'-',0,'C','Azure dragon crescent glaive',212,NULL,'B',212,16.1,4),(71,'-',0,'C','Azure dragon crescent glaive',240,NULL,'B',240,16.1,5),(72,'-',0,'C','Azure dragon crescent glaive',268,NULL,'B',268,16.1,6);

INSERT INTO `blade`(id, elemental_attack, name, physical_attack, sprite, total_attack, weight, current_level) VALUES (1,0,'Puppet\'s saber blade',112,NULL,112,7.3,1),(2,0,'Puppet\'s saber blade',123,NULL,123,7.3,2),(3,0,'Puppet\'s saber blade',134,NULL,134,7.3,3),(4,0,'Puppet\'s saber blade',145,NULL,145,7.3,4),(5,0,'Puppet\'s saber blade',156,NULL,156,7.3,5),(6,0,'Puppet\'s saber blade',168,NULL,168,7.3,6),(7,0,'Puppet\'s saber blade',179,NULL,179,7.3,7),(8,0,'Puppet\'s saber blade',190,NULL,190,7.3,8),(9,0,'Puppet\'s saber blade',201,NULL,201,7.3,9),(10,0,'Puppet\'s saber blade',212,NULL,212,7.3,10),(11,0,'Puppet\'s saber blade',224,NULL,224,7.3,11),(12,0,'Bramble curved sword blade',113,NULL,113,7.4,1),(13,0,'Bramble curved sword blade',124,NULL,124,7.4,2),(14,0,'Bramble curved sword blade',135,NULL,135,7.4,3),(15,0,'Bramble curved sword blade',146,NULL,146,7.4,4),(16,0,'Bramble curved sword blade',158,NULL,158,7.4,5),(17,0,'Bramble curved sword blade',169,NULL,169,7.4,6),(18,0,'Bramble curved sword blade',180,NULL,180,7.4,7),(19,0,'Bramble curved sword blade',192,NULL,192,7.4,8),(20,0,'Bramble curved sword blade',203,NULL,203,7.4,9),(21,0,'Bramble curved sword blade',214,NULL,214,7.4,10),(22,0,'Bramble curved sword blade',226,NULL,226,7.4,11),(23,0,'Krat police baton head',104,NULL,104,7.9,1),(24,0,'Krat police baton head',114,NULL,114,7.9,2),(25,0,'Krat police baton head',124,NULL,124,7.9,3),(26,0,'Krat police baton head',135,NULL,135,7.9,4),(27,0,'Krat police baton head',145,NULL,145,7.9,5),(28,0,'Krat police baton head',156,NULL,156,7.9,6),(29,0,'Krat police baton head',166,NULL,166,7.9,7),(30,0,'Krat police baton head',176,NULL,176,7.9,8),(31,0,'Krat police baton head',187,NULL,187,7.9,9),(32,0,'Krat police baton head',197,NULL,197,7.9,10),(33,0,'Krat police baton head',208,NULL,208,7.9,11),(34,0,'Fire axe blade',119,NULL,119,8.8,1),(35,0,'Fire axe blade',130,NULL,130,8.8,2),(36,0,'Fire axe blade',142,NULL,142,8.8,3),(37,0,'Fire axe blade',154,NULL,154,8.8,4),(38,0,'Fire axe blade',166,NULL,166,8.8,5),(39,0,'Fire axe blade',178,NULL,178,8.8,6),(40,0,'Fire axe blade',190,NULL,190,8.8,7),(41,0,'Fire axe blade',202,NULL,202,8.8,8),(42,0,'Fire axe blade',214,NULL,214,8.8,9),(43,0,'Fire axe blade',226,NULL,226,8.8,10),(44,0,'Fire axe blade',238,NULL,238,8.8,11),(45,51,'Acidic crystal spear blade',57,NULL,108,6.4,1),(46,56,'Acidic crystal spear blade',62,NULL,118,6.4,2),(47,61,'Acidic crystal spear blade',68,NULL,129,6.4,3),(48,66,'Acidic crystal spear blade',74,NULL,140,6.4,4),(49,71,'Acidic crystal spear blade',79,NULL,150,6.4,5),(50,76,'Acidic crystal spear blade',85,NULL,161,6.4,6),(51,81,'Acidic crystal spear blade',91,NULL,172,6.4,7),(52,86,'Acidic crystal spear blade',96,NULL,182,6.4,8),(53,91,'Acidic crystal spear blade',102,NULL,193,6.4,9),(54,96,'Acidic crystal spear blade',108,NULL,204,6.4,10),(55,102,'Acidic crystal spear blade',114,NULL,216,6.4,11),(56,0,'Acidic great curved sword blade',139,NULL,139,12.9,1),(57,0,'Acidic great curved sword blade',152,NULL,152,12.9,2),(58,0,'Acidic great curved sword blade',167,NULL,167,12.9,3),(59,0,'Acidic great curved sword blade',183,NULL,183,12.9,4),(60,0,'Acidic great curved sword blade',198,NULL,198,12.9,5),(61,0,'Acidic great curved sword blade',214,NULL,214,12.9,6),(62,0,'Acidic great curved sword blade',230,NULL,230,12.9,7),(63,0,'Acidic great curved sword blade',246,NULL,246,12.9,8),(64,0,'Acidic great curved sword blade',262,NULL,262,12.9,9),(65,0,'Acidic great curved sword blade',278,NULL,278,12.9,10),(66,0,'Acidic great curved sword blade',294,NULL,294,12.9,11),(67,0,'Big pipe wrench head',156,NULL,156,17.0,1),(68,0,'Big pipe wrench head',171,NULL,171,17.0,2),(69,0,'Big pipe wrench head',186,NULL,186,17.0,3),(70,0,'Big pipe wrench head',200,NULL,200,17.0,4),(71,0,'Big pipe wrench head',214,NULL,214,17.0,5),(72,0,'Big pipe wrench head',227,NULL,227,17.0,6),(73,0,'Big pipe wrench head',241,NULL,241,17.0,7),(74,0,'Big pipe wrench head',255,NULL,255,17.0,8),(75,0,'Big pipe wrench head',268,NULL,268,17.0,9),(76,0,'Big pipe wrench head',281,NULL,281,17.0,10),(77,0,'Big pipe wrench head',295,NULL,295,17.0,11),(78,65,'Black steel cutter blade',67,NULL,135,10.4,1),(79,71,'Black steel cutter blade',73,NULL,144,10.4,2),(80,78,'Black steel cutter blade',80,NULL,158,10.4,3),(81,84,'Black steel cutter blade',87,NULL,171,10.4,4),(82,91,'Black steel cutter blade',93,NULL,184,10.4,5),(83,97,'Black steel cutter blade',100,NULL,197,10.4,6),(84,104,'Black steel cutter blade',107,NULL,211,10.4,7),(85,110,'Black steel cutter blade',113,NULL,223,10.4,8),(86,117,'Black steel cutter blade',120,NULL,237,10.4,9),(87,123,'Black steel cutter blade',127,NULL,250,10.4,10),(88,130,'Black steel cutter blade',134,NULL,264,10.4,11),(89,0,'Blind man\'s double-sided spear',110,NULL,110,7.6,1),(90,0,'Blind man\'s double-sided spear',121,NULL,121,7.6,2),(91,0,'Blind man\'s double-sided spear',132,NULL,132,7.6,3),(92,0,'Blind man\'s double-sided spear',143,NULL,143,7.6,4),(93,0,'Blind man\'s double-sided spear',154,NULL,154,7.6,5),(94,0,'Blind man\'s double-sided spear',165,NULL,165,7.6,6),(95,0,'Blind man\'s double-sided spear',176,NULL,176,7.6,7),(96,0,'Blind man\'s double-sided spear',187,NULL,187,7.6,8),(97,0,'Blind man\'s double-sided spear',198,NULL,198,7.6,9),(98,0,'Blind man\'s double-sided spear',209,NULL,209,7.6,10),(99,0,'Blind man\'s double-sided spear',220,NULL,220,7.6,11),(100,0,'Bone-cutting sawblade',152,NULL,152,15.9,1),(101,0,'Bone-cutting sawblade',167,NULL,167,15.9,2),(102,0,'Bone-cutting sawblade',182,NULL,182,15.9,3),(103,0,'Bone-cutting sawblade',197,NULL,197,15.9,4),(104,0,'Bone-cutting sawblade',212,NULL,212,15.9,5),(105,0,'Bone-cutting sawblade',228,NULL,228,15.9,6),(106,0,'Bone-cutting sawblade',243,NULL,243,15.9,7),(107,0,'Bone-cutting sawblade',258,NULL,258,15.9,8),(108,0,'Bone-cutting sawblade',273,NULL,273,15.9,9),(109,0,'Bone-cutting sawblade',288,NULL,288,15.9,10),(110,0,'Bone-cutting sawblade',304,NULL,304,15.9,11),(111,0,'Booster glaive blade',131,NULL,131,11.6,1),(112,0,'Booster glaive blade',144,NULL,144,11.6,2),(113,0,'Booster glaive blade',156,NULL,156,11.6,3),(114,0,'Booster glaive blade',168,NULL,168,11.6,4),(115,0,'Booster glaive blade',179,NULL,179,11.6,5),(116,0,'Booster glaive blade',191,NULL,191,11.6,6),(117,0,'Booster glaive blade',202,NULL,202,11.6,7),(118,0,'Booster glaive blade',214,NULL,214,11.6,8),(119,0,'Booster glaive blade',225,NULL,225,11.6,9),(120,0,'Booster glaive blade',236,NULL,236,11.6,10),(121,0,'Booster glaive blade',247,NULL,247,11.6,11),(122,63,'Carcass crystal axe blade',64,NULL,127,12.0,1),(123,69,'Carcass crystal axe blade',70,NULL,139,12.0,2),(124,75,'Carcass crystal axe blade',76,NULL,151,12.0,3),(125,81,'Carcass crystal axe blade',83,NULL,167,12.0,4),(126,88,'Carcass crystal axe blade',89,NULL,177,12.0,5),(127,94,'Carcass crystal axe blade',96,NULL,190,12.0,6),(128,100,'Carcass crystal axe blade',102,NULL,204,12.0,7),(129,107,'Carcass crystal axe blade',108,NULL,215,12.0,8),(130,113,'Carcass crystal axe blade',115,NULL,228,12.0,9),(131,119,'Carcass crystal axe blade',121,NULL,240,12.0,10),(132,126,'Carcass crystal axe blade',128,NULL,254,12.0,11),(133,61,'Circular electric chainsaw blade',68,NULL,129,13.3,1),(134,67,'Circular electric chainsaw blade',74,NULL,141,13.3,2),(135,73,'Circular electric chainsaw blade',81,NULL,154,13.3,3),(136,79,'Circular electric chainsaw blade',88,NULL,167,13.3,4),(137,85,'Circular electric chainsaw blade',95,NULL,180,13.3,5),(138,91,'Circular electric chainsaw blade',102,NULL,193,13.3,6),(139,97,'Circular electric chainsaw blade',108,NULL,205,13.3,7),(140,103,'Circular electric chainsaw blade',115,NULL,218,13.3,8),(141,109,'Circular electric chainsaw blade',122,NULL,231,13.3,9),(142,115,'Circular electric chainsaw blade',129,NULL,244,13.3,10),(143,122,'Circular electric chainsaw blade',136,NULL,258,13.3,11),(144,0,'City longspear blade',110,NULL,110,10.4,1),(145,0,'City longspear blade',121,NULL,121,10.4,2),(146,0,'City longspear blade',132,NULL,132,10.4,3),(147,0,'City longspear blade',144,NULL,144,10.4,4),(148,0,'City longspear blade',157,NULL,157,10.4,5),(149,0,'City longspear blade',169,NULL,169,10.4,6),(150,0,'City longspear blade',182,NULL,182,10.4,7),(151,0,'City longspear blade',194,NULL,194,10.4,8),(152,0,'City longspear blade',207,NULL,207,10.4,9),(153,0,'City longspear blade',220,NULL,220,10.4,10),(154,0,'City longspear blade',233,NULL,233,10.4,11),(155,0,'Clock sword blade',114,NULL,114,7.6,1),(156,0,'Clock sword blade',125,NULL,125,7.6,2),(157,0,'Clock sword blade',136,NULL,136,7.6,3),(158,0,'Clock sword blade',148,NULL,148,7.6,4),(159,0,'Clock sword blade',159,NULL,159,7.6,5),(160,0,'Clock sword blade',171,NULL,171,7.6,6),(161,0,'Clock sword blade',182,NULL,182,7.6,7),(162,0,'Clock sword blade',193,NULL,193,7.6,8),(163,0,'Clock sword blade',205,NULL,205,7.6,9),(164,0,'Clock sword blade',216,NULL,216,7.6,10),(165,0,'Clock sword blade',228,NULL,228,7.6,11),(166,0,'Coil mjolnir head',157,NULL,157,15.9,1),(167,0,'Coil mjolnir head',172,NULL,172,15.9,2),(168,0,'Coil mjolnir head',188,NULL,188,15.9,3),(169,0,'Coil mjolnir head',204,NULL,204,15.9,4),(170,0,'Coil mjolnir head',219,NULL,219,15.9,5),(171,0,'Coil mjolnir head',235,NULL,235,15.9,6),(172,0,'Coil mjolnir head',251,NULL,251,15.9,7),(173,0,'Coil mjolnir head',266,NULL,266,15.9,8),(174,0,'Coil mjolnir head',282,NULL,282,15.9,9),(175,0,'Coil mjolnir head',298,NULL,298,15.9,10),(176,0,'Coil mjolnir head',314,NULL,314,15.9,11),(177,0,'Cursed knight\'s halberd blade',112,NULL,112,9.9,1),(178,0,'Cursed knight\'s halberd blade',123,NULL,123,9.9,2),(179,0,'Cursed knight\'s halberd blade',134,NULL,134,9.9,3),(180,0,'Cursed knight\'s halberd blade',145,NULL,145,9.9,4),(181,0,'Cursed knight\'s halberd blade',156,NULL,156,9.9,5),(182,0,'Cursed knight\'s halberd blade',168,NULL,168,9.9,6),(183,0,'Cursed knight\'s halberd blade',179,NULL,179,9.9,7),(184,0,'Cursed knight\'s halberd blade',190,NULL,190,9.9,8),(185,0,'Cursed knight\'s halberd blade',201,NULL,201,9.9,9),(186,0,'Cursed knight\'s halberd blade',212,NULL,212,9.9,10),(187,0,'Cursed knight\'s halberd blade',224,NULL,224,9.9,11),(188,0,'Dancer\'s curved sword blade',121,NULL,121,9.1,1),(189,0,'Dancer\'s curved sword blade',133,NULL,133,9.1,2),(190,0,'Dancer\'s curved sword blade',145,NULL,145,9.1,3),(191,0,'Dancer\'s curved sword blade',157,NULL,157,9.1,4),(192,0,'Dancer\'s curved sword blade',169,NULL,169,9.1,5),(193,0,'Dancer\'s curved sword blade',181,NULL,181,9.1,6),(194,0,'Dancer\'s curved sword blade',193,NULL,193,9.1,7),(195,0,'Dancer\'s curved sword blade',205,NULL,205,9.1,8),(196,0,'Dancer\'s curved sword blade',217,NULL,217,9.1,9),(197,0,'Dancer\'s curved sword blade',229,NULL,229,9.1,10),(198,0,'Dancer\'s curved sword blade',242,NULL,242,9.1,11),(199,56,'Electric coil stick head',60,NULL,116,9.3,1),(200,61,'Electric coil stick head',66,NULL,127,9.3,2),(201,67,'Electric coil stick head',72,NULL,139,9.3,3),(202,72,'Electric coil stick head',78,NULL,150,9.3,4),(203,78,'Electric coil stick head',84,NULL,162,9.3,5),(204,84,'Electric coil stick head',90,NULL,174,9.3,6),(205,89,'Electric coil stick head',96,NULL,185,9.3,7),(206,95,'Electric coil stick head',102,NULL,197,9.3,8),(207,100,'Electric coil stick head',108,NULL,208,9.3,9),(208,106,'Electric coil stick head',114,NULL,220,9.3,10),(209,112,'Electric coil stick head',120,NULL,232,9.3,11),(210,0,'Exploding pickaxe blade',132,NULL,132,12.9,1),(211,0,'Exploding pickaxe blade',145,NULL,145,12.9,2),(212,0,'Exploding pickaxe blade',158,NULL,158,12.9,3),(213,0,'Exploding pickaxe blade',171,NULL,171,12.9,4),(214,0,'Exploding pickaxe blade',184,NULL,184,12.9,5),(215,0,'Exploding pickaxe blade',198,NULL,198,12.9,6),(216,0,'Exploding pickaxe blade',211,NULL,211,12.9,7),(217,0,'Exploding pickaxe blade',224,NULL,224,12.9,8),(218,0,'Exploding pickaxe blade',237,NULL,237,12.9,9),(219,0,'Exploding pickaxe blade',250,NULL,250,12.9,10),(220,0,'Exploding pickaxe blade',264,NULL,264,12.9,11),(221,0,'Greatsword of fate blade',121,NULL,121,10.6,1),(222,0,'Greatsword of fate blade',133,NULL,133,10.6,2),(223,0,'Greatsword of fate blade',145,NULL,145,10.6,3),(224,0,'Greatsword of fate blade',157,NULL,157,10.6,4),(225,0,'Greatsword of fate blade',169,NULL,169,10.6,5),(226,0,'Greatsword of fate blade',181,NULL,181,10.6,6),(227,0,'Greatsword of fate blade',193,NULL,193,10.6,7),(228,0,'Greatsword of fate blade',205,NULL,205,10.6,8),(229,0,'Greatsword of fate blade',217,NULL,217,10.6,9),(230,0,'Greatsword of fate blade',229,NULL,229,10.6,10),(231,0,'Greatsword of fate blade',242,NULL,242,10.6,11),(232,0,'Live puppet\'s axe blade',174,NULL,174,18.8,1),(233,0,'Live puppet\'s axe blade',191,NULL,191,18.8,2),(234,0,'Live puppet\'s axe blade',208,NULL,208,18.8,3),(235,0,'Live puppet\'s axe blade',226,NULL,226,18.8,4),(236,0,'Live puppet\'s axe blade',243,NULL,243,18.8,5),(237,0,'Live puppet\'s axe blade',261,NULL,261,18.8,6),(238,0,'Live puppet\'s axe blade',278,NULL,278,18.8,7),(239,0,'Live puppet\'s axe blade',295,NULL,295,18.8,8),(240,0,'Live puppet\'s axe blade',313,NULL,313,18.8,9),(241,0,'Live puppet\'s axe blade',330,NULL,330,18.8,10),(242,0,'Live puppet\'s axe blade',348,NULL,348,18.8,11),(243,0,'Master chef\'s knife blade',104,NULL,104,5.8,1),(244,0,'Master chef\'s knife blade',114,NULL,114,5.8,2),(245,0,'Master chef\'s knife blade',125,NULL,125,5.8,3),(246,0,'Master chef\'s knife blade',136,NULL,136,5.8,4),(247,0,'Master chef\'s knife blade',148,NULL,148,5.8,5),(248,0,'Master chef\'s knife blade',160,NULL,160,5.8,6),(249,0,'Master chef\'s knife blade',172,NULL,172,5.8,7),(250,0,'Master chef\'s knife blade',184,NULL,184,5.8,8),(251,0,'Master chef\'s knife blade',196,NULL,196,5.8,9),(252,0,'Master chef\'s knife blade',208,NULL,208,5.8,10),(253,0,'Master chef\'s knife blade',220,NULL,220,5.8,11),(254,0,'Military shovel blade',119,NULL,119,9.9,1),(255,0,'Military shovel blade',130,NULL,130,9.9,2),(256,0,'Military shovel blade',142,NULL,142,9.9,3),(257,0,'Military shovel blade',154,NULL,154,9.9,4),(258,0,'Military shovel blade',166,NULL,166,9.9,5),(259,0,'Military shovel blade',178,NULL,178,9.9,6),(260,0,'Military shovel blade',190,NULL,190,9.9,7),(261,0,'Military shovel blade',202,NULL,202,9.9,8),(262,0,'Military shovel blade',214,NULL,214,9.9,9),(263,0,'Military shovel blade',226,NULL,226,9.9,10),(264,0,'Military shovel blade',238,NULL,238,9.9,11),(265,0,'Pistol rock drill blade',108,NULL,108,10.5,1),(266,0,'Pistol rock drill blade',118,NULL,118,10.5,2),(267,0,'Pistol rock drill blade',129,NULL,129,10.5,3),(268,0,'Pistol rock drill blade',140,NULL,140,10.5,4),(269,0,'Pistol rock drill blade',151,NULL,151,10.5,5),(270,0,'Pistol rock drill blade',162,NULL,162,10.5,6),(271,0,'Pistol rock drill blade',172,NULL,172,10.5,7),(272,0,'Pistol rock drill blade',183,NULL,183,10.5,8),(273,0,'Pistol rock drill blade',194,NULL,194,10.5,9),(274,0,'Pistol rock drill blade',205,NULL,205,10.5,10),(275,0,'Pistol rock drill blade',216,NULL,216,10.5,11),(276,46,'Salamander dagger blade',53,NULL,99,6.6,1),(277,50,'Salamander dagger blade',58,NULL,108,6.6,2),(278,55,'Salamander dagger blade',63,NULL,118,6.6,3),(279,59,'Salamander dagger blade',68,NULL,127,6.6,4),(280,64,'Salamander dagger blade',74,NULL,138,6.6,5),(281,69,'Salamander dagger blade',79,NULL,148,6.6,6),(282,73,'Salamander dagger blade',84,NULL,157,6.6,7),(283,78,'Salamander dagger blade',90,NULL,168,6.6,8),(284,82,'Salamander dagger blade',95,NULL,177,6.6,9),(285,87,'Salamander dagger blade',100,NULL,187,6.6,10),(286,92,'Salamander dagger blade',106,NULL,198,6.6,11),(287,0,'Spear of honor blade',124,NULL,124,10.7,1),(288,0,'Spear of honor blade',136,NULL,136,10.7,2),(289,0,'Spear of honor blade',148,NULL,148,10.7,3),(290,0,'Spear of honor blade',161,NULL,161,10.7,4),(291,0,'Spear of honor blade',173,NULL,173,10.7,5),(292,0,'Spear of honor blade',186,NULL,186,10.7,6),(293,0,'Spear of honor blade',198,NULL,198,10.7,7),(294,0,'Spear of honor blade',210,NULL,210,10.7,8),(295,0,'Spear of honor blade',223,NULL,223,10.7,9),(296,0,'Spear of honor blade',235,NULL,235,10.7,10),(297,0,'Spear of honor blade',248,NULL,248,10.7,11),(298,0,'Tyrant murderer\'s dagger blade',93,NULL,93,4.9,1),(299,0,'Tyrant murderer\'s dagger blade',102,NULL,102,4.9,2),(300,0,'Tyrant murderer\'s dagger blade',111,NULL,111,4.9,3),(301,0,'Tyrant murderer\'s dagger blade',120,NULL,120,4.9,4),(302,0,'Tyrant murderer\'s dagger blade',130,NULL,130,4.9,5),(303,0,'Tyrant murderer\'s dagger blade',139,NULL,139,4.9,6),(304,0,'Tyrant murderer\'s dagger blade',148,NULL,148,4.9,7),(305,0,'Tyrant murderer\'s dagger blade',158,NULL,158,4.9,8),(306,0,'Tyrant murderer\'s dagger blade',167,NULL,167,4.9,9),(307,0,'Tyrant murderer\'s dagger blade',176,NULL,176,4.9,10),(308,0,'Tyrant murderer\'s dagger blade',186,NULL,186,4.9,11),(309,0,'Wintry rapier\'s blade',98,NULL,98,5.0,1),(310,0,'Wintry rapier\'s blade',107,NULL,107,5.0,2),(311,0,'Wintry rapier\'s blade',117,NULL,117,5.0,3),(312,0,'Wintry rapier\'s blade',127,NULL,127,5.0,4),(313,0,'Wintry rapier\'s blade',137,NULL,137,5.0,5),(314,0,'Wintry rapier\'s blade',147,NULL,147,5.0,6),(315,0,'Wintry rapier\'s blade',156,NULL,156,5.0,7),(316,0,'Wintry rapier\'s blade',166,NULL,166,5.0,8),(317,0,'Wintry rapier\'s blade',176,NULL,176,5.0,9),(318,0,'Wintry rapier\'s blade',186,NULL,186,5.0,10),(319,0,'Wintry rapier\'s blade',196,NULL,196,5.0,11);

INSERT INTO `handle` (id, advance, motivity, name, sprite, technique, weight) VALUES (1,'-','C','Puppet\'s Saber Handle',NULL,'C',1.8),(2,'-','C','Bramble curved sword handle',NULL,'C',2.2),(3,'-','B','Krato police baton handle',NULL,'D',2.0),(4,'-','C','Fire axe handle',NULL,'C',2.6),(5,'A','D','Acidic crystal spear handle',NULL,'D',2.6),(6,'B','D','Acidic great curved sword handle',NULL,'C',3.9),(7,'-','B','Big pipe wrench handle',NULL,'D',6.8),(8,'A','D','Black steel cutter handle',NULL,'D',3.1),(9,'-','D','Blind man\'s double-sided spear handle',NULL,'B',3.8),(10,'-','B','Bone-cutting handle',NULL,'D',4.8),(11,'-','D','Booster glaive handle',NULL,'B',4.6),(12,'B','C','Carcass crystal axe handle',NULL,'D',3.6),(13,'A','D','Circular electric chainsaw handle',NULL,'D',5.3),(14,'-','D','City longspear handle',NULL,'B',4.2),(15,'-','C','Clock sword handle',NULL,'C',1.9),(16,'-','B','Coil mjolnir handle',NULL,'D',4.8),(17,'-','C','Cursed knight\'s halberd handle',NULL,'C',4.0),(18,'-','C','Dancer\'s curved sword handle',NULL,'B',2.7),(19,'B','C','Electric coil stick handle',NULL,'D',2.7),(20,'-','B','Exploding pickaxe handle',NULL,'D',5.2),(21,'-','B','Greatsword of fate handle',NULL,'D',3.2),(22,'-','B','Live puppet\'s axe handle',NULL,'D',7.5),(23,'-','D','Master chef\'s knife handle',NULL,'B',1.2),(24,'-','C','Military shovel handle',NULL,'C',4.0),(25,'-','B','Pistol rock drill handle',NULL,'D',8.4),(26,'B','D','Salamander dagger handle',NULL,'C',1.3),(27,'-','D','Spear of honor handle',NULL,'B',5.4),(28,'-','D','Tyrant murderer\'s dagger handle',NULL,'B',1.0),(29,'-','D','Wintry rapier\'s handle',NULL,'B',1.3);

INSERT INTO `level_p` (level, ergo) VALUES (1,0),(2,0),(3,0),(4,0),(5,0),(6,0),(7,0),(8,0),(9,0),(10,720),(11,753),(12,788),(13,824),(14,862),(15,902),(16,943),(17,986),(18,1031),(19,1078),(20,1128),(21,1180),(22,1234),(23,1291),(24,1350),(25,1412),(26,1477),(27,1545),(28,1616),(29,1690),(30,1768),(31,1849),(32,1934),(33,2023),(34,2116),(35,2213),(36,2315),(37,2421),(38,2535),(39,2648),(40,2770),(41,2897),(42,3030),(43,3169),(44,3315),(45,3467),(46,3626),(47,3793),(48,3967),(49,4149),(50,4340),(51,4540),(52,4749),(53,4967),(54,5195),(55,5434),(56,5684),(57,5945),(58,6218),(59,6504),(60,6803),(61,7116),(62,7443),(63,7785),(64,8143),(65,8518),(66,8910),(67,9320),(68,9749),(69,10197),(70,10666),(71,11157),(72,11670),(73,12207),(74,12769),(75,13356),(76,13970),(77,14613),(78,15285),(79,15988),(80,15989),(81,15990),(82,15990),(83,15991),(84,15992),(85,15993),(86,15994),(87,15994),(88,15995),(89,15996),(90,15997),(91,15998),(92,15998),(93,15999),(94,16000),(95,16001),(96,16002),(97,16002),(98,16003),(99,16004),(100,16005),(101,16006),(102,16006),(103,16007),(104,16008),(105,16009),(106,16010),(107,16010),(108,16011),(109,16012),(110,16013),(111,16014),(112,16014),(113,16015),(114,16016),(115,16017),(116,16018),(117,16018),(118,16019),(119,16020),(120,16021),(121,16022),(122,16022),(123,16023),(124,16024),(125,16025),(126,16026),(127,16026),(128,16027),(129,16028),(130,16029),(131,16030),(132,16030),(133,16031),(134,16032),(135,16033),(136,16034),(137,16034),(138,16035),(139,16036),(140,16037),(141,16038),(142,16038),(143,16039),(144,16040),(145,16041),(146,16042),(147,16042),(148,16043),(149,16044),(150,16172),(151,16301),(152,16429),(153,16557),(154,16686),(155,16814),(156,16942),(157,17071),(158,17199),(159,17328),(160,17456),(161,17584),(162,17713),(163,17841),(164,17969),(165,18098),(166,18226),(167,18354),(168,18483),(169,18611),(170,18739),(171,18868),(172,18996),(173,19124),(174,19253),(175,19381),(176,19510),(177,19638),(178,19766),(179,19895),(180,20023),(181,20151),(182,20280),(183,20408),(184,20536),(185,20665),(186,20793),(187,20921),(188,21050),(189,21178),(190,21306),(191,21435),(192,21563),(193,21691),(194,21820),(195,21948),(196,22077),(197,22205),(198,22333),(199,22462),(200,22590),(201,22718),(202,22847),(203,22975),(204,23103),(205,23232),(206,23360),(207,23488),(208,23617),(209,23745),(210,23873),(211,24002),(212,24130),(213,24259),(214,24387),(215,24515),(216,24644),(217,24772),(218,24900),(219,25029),(220,25104),(221,25179),(222,25254),(223,25329),(224,25404),(225,25480),(226,25555),(227,25630),(228,25705),(229,25780),(230,25855),(231,25930),(232,26005),(233,26080),(234,26155),(235,26230),(236,26305),(237,26381),(238,26456),(239,26531),(240,26606),(241,26681),(242,26756),(243,26831),(244,26906),(245,26981),(246,27056),(247,27131),(248,27207),(249,27282),(250,27357),(251,27432),(252,27507),(253,27582),(254,27657),(255,27732),(256,27807),(257,27882),(258,27957),(259,28032),(260,28108),(261,28183),(262,28258),(263,28333),(264,28408),(265,28483),(266,28558),(267,28633),(268,28708),(269,28783),(270,28858),(271,28934),(272,29009),(273,29084),(274,29159),(275,29234),(276,29309),(277,29384),(278,29459),(279,29534),(280,29609),(281,29684),(282,29759),(283,29835),(284,29910),(285,29985),(286,30060),(287,30135),(288,30210),(289,30285),(290,30467),(291,30648),(292,30830),(293,31012),(294,31194),(295,31375),(296,31557),(297,31739),(298,31920),(299,32102),(300,32284);

INSERT INTO `p_organ` (id, level, quartzs) VALUES (1,1,2),(2,2,2),(3,3,3),(4,4,3),(5,5,4),(6,6,4),(7,7,4);

INSERT INTO `stat` (id, name, sprite, base_value) VALUES (1,'Health',NULL,262.00),(2,'Stamina',NULL,96.00),(3,'Legion',NULL,201.00),(4,'Guard Regain',NULL,50.00),(5,'Physical Def',NULL,58.00),(6,'Physical Red',NULL,0.00),(7,'Physical Res',NULL,0.00),(8,'Fire Def',NULL,60.00),(9,'Fire Red',NULL,0.00),(10,'Fire Res',NULL,69.00),(11,'Electric Def',NULL,60.00),(12,'Electric Red',NULL,0.00),(13,'Electric Res',NULL,69.00),(14,'Acid Def',NULL,60.00),(15,'Acid Red',NULL,0.00),(16,'Acid Res',NULL,69.00),(17,'Disruption',NULL,203.00),(18,'Shock',NULL,69.00),(19,'Break',NULL,69.00),(20,'Slash Red',NULL,0.00),(21,'Strike Red',NULL,0.00),(22,'Pierce Red',NULL,0.00),(23,'Weight',NULL,64.70);

INSERT INTO `scaling` (id, bonus_attack, letter, level, attribute_id) VALUES (1,0,'D',1,4),(2,0,'D',2,4),(3,0,'D',3,4),(4,0,'D',4,4),(5,0.0017,'D',5,4),(6,0.0062,'D',6,4),(7,0.0132,'D',7,4),(8,0.0225,'D',8,4),(9,0.0336,'D',9,4),(10,0.0463,'D',10,4),(11,0.0603,'D',11,4),(12,0.0753,'D',12,4),(13,0.0909,'D',13,4),(14,0.1071,'D',14,4),(15,0.1235,'D',15,4),(16,0.1399,'D',16,4),(17,0.1562,'D',17,4),(18,0.1723,'D',18,4),(19,0.188,'D',19,4),(20,0.2033,'D',20,4),(21,0.218,'D',21,4),(22,0.2322,'D',22,4),(23,0.2459,'D',23,4),(24,0.259,'D',24,4),(25,0.2714,'D',25,4),(26,0.2833,'D',26,4),(27,0.2946,'D',27,4),(28,0.3054,'D',28,4),(29,0.3156,'D',29,4),(30,0.3252,'D',30,4),(31,0.3344,'D',31,4),(32,0.3431,'D',32,4),(33,0.3513,'D',33,4),(34,0.3591,'D',34,4),(35,0.3665,'D',35,4),(36,0.3734,'D',36,4),(37,0.3801,'D',37,4),(38,0.3863,'D',38,4),(39,0.3923,'D',39,4),(40,0.3979,'D',40,4),(41,0.4032,'D',41,4),(42,0.4083,'D',42,4),(43,0.4131,'D',43,4),(44,0.4177,'D',44,4),(45,0.422,'D',45,4),(46,0.4262,'D',46,4),(47,0.4301,'D',47,4),(48,0.4338,'D',48,4),(49,0.4374,'D',49,4),(50,0.4407,'D',50,4),(51,0.444,'D',51,4),(52,0.447,'D',52,4),(53,0.45,'D',53,4),(54,0.4528,'D',54,4),(55,0.4555,'D',55,4),(56,0.458,'D',56,4),(57,0.4605,'D',57,4),(58,0.4628,'D',58,4),(59,0.465,'D',59,4),(60,0.4672,'D',60,4),(61,0.4692,'D',61,4),(62,0.4712,'D',62,4),(63,0.4731,'D',63,4),(64,0.4749,'D',64,4),(65,0.4767,'D',65,4),(66,0.4783,'D',66,4),(67,0.4799,'D',67,4),(68,0.4815,'D',68,4),(69,0.483,'D',69,4),(70,0.4844,'D',70,4),(71,0.4858,'D',71,4),(72,0.4871,'D',72,4),(73,0.4884,'D',73,4),(74,0.4896,'D',74,4),(75,0.4908,'D',75,4),(76,0.4919,'D',76,4),(77,0.493,'D',77,4),(78,0.4941,'D',78,4),(79,0.4951,'D',79,4),(80,0.4961,'D',80,4),(81,0.4971,'D',81,4),(82,0.498,'D',82,4),(83,0.4989,'D',83,4),(84,0.4998,'D',84,4),(85,0.5006,'D',85,4),(86,0.5014,'D',86,4),(87,0.5022,'D',87,4),(88,0.503,'D',88,4),(89,0.5037,'D',89,4),(90,0.5044,'D',90,4),(91,0.5051,'D',91,4),(92,0.5058,'D',92,4),(93,0.5064,'D',93,4),(94,0.5071,'D',94,4),(95,0.5077,'D',95,4),(96,0.5083,'D',96,4),(97,0.5094,'D',97,4),(98,0.51,'D',98,4),(99,0.5105,'D',99,4),(100,0.511,'D',100,4),(101,0,'C',1,4),(102,0,'C',2,4),(103,0,'C',3,4),(104,0,'C',4,4),(105,0.0027,'C',5,4),(106,0.0099,'C',6,4),(107,0.0212,'C',7,4),(108,0.0359,'C',8,4),(109,0.0537,'C',9,4),(110,0.0741,'C',10,4),(111,0.0964,'C',11,4),(112,0.1204,'C',12,4),(113,0.1455,'C',13,4),(114,0.1713,'C',14,4),(115,0.1976,'C',15,4),(116,0.2238,'C',16,4),(117,0.2499,'C',17,4),(118,0.2756,'C',18,4),(119,0.3008,'C',19,4),(120,0.3252,'C',20,4),(121,0.3488,'C',21,4),(122,0.3716,'C',22,4),(123,0.3934,'C',23,4),(124,0.4143,'C',24,4),(125,0.4343,'C',25,4),(126,0.4533,'C',26,4),(127,0.4714,'C',27,4),(128,0.4886,'C',28,4),(129,0.5049,'C',29,4),(130,0.5204,'C',30,4),(131,0.535,'C',31,4),(132,0.5489,'C',32,4),(133,0.5621,'C',33,4),(134,0.5745,'C',34,4),(135,0.5863,'C',35,4),(136,0.5975,'C',36,4),(137,0.6081,'C',37,4),(138,0.6181,'C',38,4),(139,0.6276,'C',39,4),(140,0.6366,'C',40,4),(141,0.6452,'C',41,4),(142,0.6533,'C',42,4),(143,0.661,'C',43,4),(144,0.6683,'C',44,4),(145,0.6752,'C',45,4),(146,0.6818,'C',46,4),(147,0.6881,'C',47,4),(148,0.6941,'C',48,4),(149,0.6998,'C',49,4),(150,0.7052,'C',50,4),(151,0.7104,'C',51,4),(152,0.7153,'C',52,4),(153,0.72,'C',53,4),(154,0.7245,'C',54,4),(155,0.7287,'C',55,4),(156,0.7328,'C',56,4),(157,0.7367,'C',57,4),(158,0.7405,'C',58,4),(159,0.7441,'C',59,4),(160,0.7475,'C',60,4),(161,0.7508,'C',61,4),(162,0.7539,'C',62,4),(163,0.757,'C',63,4),(164,0.7599,'C',64,4),(165,0.7627,'C',65,4),(166,0.7653,'C',66,4),(167,0.7679,'C',67,4),(168,0.7704,'C',68,4),(169,0.7727,'C',69,4),(170,0.775,'C',70,4),(171,0.7772,'C',71,4),(172,0.7793,'C',72,4),(173,0.7814,'C',73,4),(174,0.7833,'C',74,4),(175,0.7852,'C',75,4),(176,0.7871,'C',76,4),(177,0.7888,'C',77,4),(178,0.7905,'C',78,4),(179,0.7922,'C',79,4),(180,0.7938,'C',80,4),(181,0.7953,'C',81,4),(182,0.7968,'C',82,4),(183,0.7982,'C',83,4),(184,0.7996,'C',84,4),(185,0.801,'C',85,4),(186,0.8023,'C',86,4),(187,0.8035,'C',87,4),(188,0.8047,'C',88,4),(189,0.8059,'C',89,4),(190,0.8071,'C',90,4),(191,0.8082,'C',91,4),(192,0.8093,'C',92,4),(193,0.8103,'C',93,4),(194,0.8113,'C',94,4),(195,0.8123,'C',95,4),(196,0.8133,'C',96,4),(197,0.8151,'C',97,4),(198,0.816,'C',98,4),(199,0.8168,'C',99,4),(200,0.8176,'C',100,4),(201,0,'B',1,4),(202,0,'B',2,4),(203,0,'B',3,4),(204,0,'B',4,4),(205,0.0036,'B',5,4),(206,0.0132,'B',6,4),(207,0.0281,'B',7,4),(208,0.0476,'B',8,4),(209,0.0712,'B',9,4),(210,0.0981,'B',10,4),(211,0.1278,'B',11,4),(212,0.1595,'B',12,4),(213,0.1928,'B',13,4),(214,0.227,'B',14,4),(215,0.2618,'B',15,4),(216,0.2966,'B',16,4),(217,0.3312,'B',17,4),(218,0.3652,'B',18,4),(219,0.3985,'B',19,4),(220,0.4309,'B',20,4),(221,0.4622,'B',21,4),(222,0.4924,'B',22,4),(223,0.5213,'B',23,4),(224,0.549,'B',24,4),(225,0.5754,'B',25,4),(226,0.6006,'B',26,4),(227,0.6246,'B',27,4),(228,0.6474,'B',28,4),(229,0.669,'B',29,4),(230,0.6895,'B',30,4),(231,0.7089,'B',31,4),(232,0.7273,'B',32,4),(233,0.7448,'B',33,4),(234,0.7613,'B',34,4),(235,0.7769,'B',35,4),(236,0.7917,'B',36,4),(237,0.8057,'B',37,4),(238,0.819,'B',38,4),(239,0.8316,'B',39,4),(240,0.8436,'B',40,4),(241,0.8549,'B',41,4),(242,0.8656,'B',42,4),(243,0.8758,'B',43,4),(244,0.8855,'B',44,4),(245,0.8947,'B',45,4),(246,0.9034,'B',46,4),(247,0.9118,'B',47,4),(248,0.9197,'B',48,4),(249,0.9272,'B',49,4),(250,0.9344,'B',50,4),(251,0.9412,'B',51,4),(252,0.9477,'B',52,4),(253,0.954,'B',53,4),(254,0.9599,'B',54,4),(255,0.9656,'B',55,4),(256,0.971,'B',56,4),(257,0.9762,'B',57,4),(258,0.9812,'B',58,4),(259,0.9859,'B',59,4),(260,0.9904,'B',60,4),(261,0.9948,'B',61,4),(262,0.999,'B',62,4),(263,1.003,'B',63,4),(264,1.0068,'B',64,4),(265,1.0105,'B',65,4),(266,1.0141,'B',66,4),(267,1.0175,'B',67,4),(268,1.0207,'B',68,4),(269,1.0239,'B',69,4),(270,1.0269,'B',70,4),(271,1.0298,'B',71,4),(272,1.0326,'B',72,4),(273,1.0353,'B',73,4),(274,1.0379,'B',74,4),(275,1.0405,'B',75,4),(276,1.0429,'B',76,4),(277,1.0452,'B',77,4),(278,1.0475,'B',78,4),(279,1.0496,'B',79,4),(280,1.0518,'B',80,4),(281,1.0538,'B',81,4),(282,1.0558,'B',82,4),(283,1.0577,'B',83,4),(284,1.0595,'B',84,4),(285,1.0613,'B',85,4),(286,1.063,'B',86,4),(287,1.0647,'B',87,4),(288,1.0663,'B',88,4),(289,1.0679,'B',89,4),(290,1.0694,'B',90,4),(291,1.0708,'B',91,4),(292,1.0723,'B',92,4),(293,1.0737,'B',93,4),(294,1.075,'B',94,4),(295,1.0763,'B',95,4),(296,1.0776,'B',96,4),(297,1.08,'B',97,4),(298,1.0812,'B',98,4),(299,1.0823,'B',99,4),(300,1.0834,'B',100,4),(301,0,'A',1,4),(302,0,'A',2,4),(303,0,'A',3,4),(304,0,'A',4,4),(305,0.0044,'A',5,4),(306,0.0161,'A',6,4),(307,0.0344,'A',7,4),(308,0.0584,'A',8,4),(309,0.0873,'A',9,4),(310,0.1204,'A',10,4),(311,0.1567,'A',11,4),(312,0.1957,'A',12,4),(313,0.2364,'A',13,4),(314,0.2784,'A',14,4),(315,0.321,'A',15,4),(316,0.3637,'A',16,4),(317,0.4062,'A',17,4),(318,0.4479,'A',18,4),(319,0.4888,'A',19,4),(320,0.5285,'A',20,4),(321,0.5668,'A',21,4),(322,0.6038,'A',22,4),(323,0.6393,'A',23,4),(324,0.6733,'A',24,4),(325,0.7057,'A',25,4),(326,0.7366,'A',26,4),(327,0.766,'A',27,4),(328,0.794,'A',28,4),(329,0.8205,'A',29,4),(330,0.8456,'A',30,4),(331,0.8694,'A',31,4),(332,0.892,'A',32,4),(333,0.9134,'A',33,4),(334,0.9336,'A',34,4),(335,0.9528,'A',35,4),(336,0.971,'A',36,4),(337,0.9882,'A',37,4),(338,1.0045,'A',38,4),(339,1.0199,'A',39,4),(340,1.0345,'A',40,4),(341,1.0484,'A',41,4),(342,1.0616,'A',42,4),(343,1.0741,'A',43,4),(344,1.086,'A',44,4),(345,1.0973,'A',45,4),(346,1.108,'A',46,4),(347,1.1182,'A',47,4),(348,1.1279,'A',48,4),(349,1.1371,'A',49,4),(350,1.1459,'A',50,4),(351,1.1543,'A',51,4),(352,1.1623,'A',52,4),(353,1.17,'A',53,4),(354,1.1772,'A',54,4),(355,1.1842,'A',55,4),(356,1.1909,'A',56,4),(357,1.1972,'A',57,4),(358,1.2033,'A',58,4),(359,1.2091,'A',59,4),(360,1.2147,'A',60,4),(361,1.22,'A',61,4),(362,1.2252,'A',62,4),(363,1.2301,'A',63,4),(364,1.2348,'A',64,4),(365,1.2393,'A',65,4),(366,1.2437,'A',66,4),(367,1.2478,'A',67,4),(368,1.2518,'A',68,4),(369,1.2557,'A',69,4),(370,1.2594,'A',70,4),(371,1.263,'A',71,4),(372,1.2664,'A',72,4),(373,1.2697,'A',73,4),(374,1.2729,'A',74,4),(375,1.276,'A',75,4),(376,1.279,'A',76,4),(377,1.2819,'A',77,4),(378,1.2846,'A',78,4),(379,1.2873,'A',79,4),(380,1.2899,'A',80,4),(381,1.2924,'A',81,4),(382,1.2948,'A',82,4),(383,1.2971,'A',83,4),(384,1.2994,'A',84,4),(385,1.3016,'A',85,4),(386,1.3037,'A',86,4),(387,1.3057,'A',87,4),(388,1.3077,'A',88,4),(389,1.3096,'A',89,4),(390,1.3115,'A',90,4),(391,1.3133,'A',91,4),(392,1.315,'A',92,4),(393,1.3167,'A',93,4),(394,1.3184,'A',94,4),(395,1.32,'A',95,4),(396,1.3215,'A',96,4),(397,1.3245,'A',97,4),(398,1.3259,'A',98,4),(399,1.3273,'A',99,4),(400,1.3287,'A',100,4),(401,0,'S',1,4),(402,0,'S',2,4),(403,0,'S',3,4),(404,0,'S',4,4),(405,0.005,'S',5,4),(406,0.0186,'S',6,4),(407,0.0397,'S',7,4),(408,0.0674,'S',8,4),(409,0.1007,'S',9,4),(410,0.1389,'S',10,4),(411,0.1808,'S',11,4),(412,0.2258,'S',12,4),(413,0.2728,'S',13,4),(414,0.3213,'S',14,4),(415,0.3704,'S',15,4),(416,0.4197,'S',16,4),(417,0.4686,'S',17,4),(418,0.5168,'S',18,4),(419,0.564,'S',19,4),(420,0.6098,'S',20,4),(421,0.6541,'S',21,4),(422,0.6967,'S',22,4),(423,0.7377,'S',23,4),(424,0.7769,'S',24,4),(425,0.8143,'S',25,4),(426,0.85,'S',26,4),(427,0.8839,'S',27,4),(428,0.9161,'S',28,4),(429,0.9467,'S',29,4),(430,0.9757,'S',30,4),(431,1.0032,'S',31,4),(432,1.0292,'S',32,4),(433,1.0539,'S',33,4),(434,1.0773,'S',34,4),(435,1.0994,'S',35,4),(436,1.1203,'S',36,4),(437,1.1402,'S',37,4),(438,1.159,'S',38,4),(439,1.1768,'S',39,4),(440,1.1937,'S',40,4),(441,1.2097,'S',41,4),(442,1.2249,'S',42,4),(443,1.2394,'S',43,4),(444,1.2531,'S',44,4),(445,1.2661,'S',45,4),(446,1.2785,'S',46,4),(447,1.2902,'S',47,4),(448,1.3014,'S',48,4),(449,1.3121,'S',49,4),(450,1.3222,'S',50,4),(451,1.3319,'S',51,4),(452,1.3411,'S',52,4),(453,1.35,'S',53,4),(454,1.3584,'S',54,4),(455,1.3664,'S',55,4),(456,1.3741,'S',56,4),(457,1.3814,'S',57,4),(458,1.3884,'S',58,4),(459,1.3951,'S',59,4),(460,1.4016,'S',60,4),(461,1.4077,'S',61,4),(462,1.4137,'S',62,4),(463,1.4193,'S',63,4),(464,1.4248,'S',64,4),(465,1.43,'S',65,4),(466,1.435,'S',66,4),(467,1.4398,'S',67,4),(468,1.4444,'S',68,4),(469,1.4489,'S',69,4),(470,1.4532,'S',70,4),(471,1.4573,'S',71,4),(472,1.4613,'S',72,4),(473,1.4651,'S',73,4),(474,1.4688,'S',74,4),(475,1.4723,'S',75,4),(476,1.4758,'S',76,4),(477,1.4791,'S',77,4),(478,1.4823,'S',78,4),(479,1.4854,'S',79,4),(480,1.4883,'S',80,4),(481,1.4912,'S',81,4),(482,1.494,'S',82,4),(483,1.4967,'S',83,4),(484,1.4993,'S',84,4),(485,1.5018,'S',85,4),(486,1.5042,'S',86,4),(487,1.5066,'S',87,4),(488,1.5089,'S',88,4),(489,1.5111,'S',89,4),(490,1.5133,'S',90,4),(491,1.5153,'S',91,4),(492,1.5174,'S',92,4),(493,1.5193,'S',93,4),(494,1.5212,'S',94,4),(495,1.5231,'S',95,4),(496,1.5249,'S',96,4),(497,1.5283,'S',97,4),(498,1.5299,'S',98,4),(499,1.5315,'S',99,4),(500,1.5331,'S',100,4),(501,0,'D',1,5),(502,0,'D',2,5),(503,0,'D',3,5),(504,0,'D',4,5),(505,0.0017,'D',5,5),(506,0.0062,'D',6,5),(507,0.0132,'D',7,5),(508,0.0225,'D',8,5),(509,0.0336,'D',9,5),(510,0.0463,'D',10,5),(511,0.0603,'D',11,5),(512,0.0753,'D',12,5),(513,0.0909,'D',13,5),(514,0.1071,'D',14,5),(515,0.1235,'D',15,5),(516,0.1399,'D',16,5),(517,0.1562,'D',17,5),(518,0.1723,'D',18,5),(519,0.188,'D',19,5),(520,0.2033,'D',20,5),(521,0.218,'D',21,5),(522,0.2322,'D',22,5),(523,0.2459,'D',23,5),(524,0.259,'D',24,5),(525,0.2714,'D',25,5),(526,0.2833,'D',26,5),(527,0.2946,'D',27,5),(528,0.3054,'D',28,5),(529,0.3156,'D',29,5),(530,0.3252,'D',30,5),(531,0.3344,'D',31,5),(532,0.3431,'D',32,5),(533,0.3513,'D',33,5),(534,0.3591,'D',34,5),(535,0.3665,'D',35,5),(536,0.3734,'D',36,5),(537,0.3801,'D',37,5),(538,0.3863,'D',38,5),(539,0.3923,'D',39,5),(540,0.3979,'D',40,5),(541,0.4032,'D',41,5),(542,0.4083,'D',42,5),(543,0.4131,'D',43,5),(544,0.4177,'D',44,5),(545,0.422,'D',45,5),(546,0.4262,'D',46,5),(547,0.4301,'D',47,5),(548,0.4338,'D',48,5),(549,0.4374,'D',49,5),(550,0.4407,'D',50,5),(551,0.444,'D',51,5),(552,0.447,'D',52,5),(553,0.45,'D',53,5),(554,0.4528,'D',54,5),(555,0.4555,'D',55,5),(556,0.458,'D',56,5),(557,0.4605,'D',57,5),(558,0.4628,'D',58,5),(559,0.465,'D',59,5),(560,0.4672,'D',60,5),(561,0.4692,'D',61,5),(562,0.4712,'D',62,5),(563,0.4731,'D',63,5),(564,0.4749,'D',64,5),(565,0.4767,'D',65,5),(566,0.4783,'D',66,5),(567,0.4799,'D',67,5),(568,0.4815,'D',68,5),(569,0.483,'D',69,5),(570,0.4844,'D',70,5),(571,0.4858,'D',71,5),(572,0.4871,'D',72,5),(573,0.4884,'D',73,5),(574,0.4896,'D',74,5),(575,0.4908,'D',75,5),(576,0.4919,'D',76,5),(577,0.493,'D',77,5),(578,0.4941,'D',78,5),(579,0.4951,'D',79,5),(580,0.4961,'D',80,5),(581,0.4971,'D',81,5),(582,0.498,'D',82,5),(583,0.4989,'D',83,5),(584,0.4998,'D',84,5),(585,0.5006,'D',85,5),(586,0.5014,'D',86,5),(587,0.5022,'D',87,5),(588,0.503,'D',88,5),(589,0.5037,'D',89,5),(590,0.5044,'D',90,5),(591,0.5051,'D',91,5),(592,0.5058,'D',92,5),(593,0.5064,'D',93,5),(594,0.5071,'D',94,5),(595,0.5077,'D',95,5),(596,0.5083,'D',96,5),(597,0.5094,'D',97,5),(598,0.51,'D',98,5),(599,0.5105,'D',99,5),(600,0.511,'D',100,5),(601,0,'C',1,5),(602,0,'C',2,5),(603,0,'C',3,5),(604,0,'C',4,5),(605,0.0027,'C',5,5),(606,0.0099,'C',6,5),(607,0.0212,'C',7,5),(608,0.0359,'C',8,5),(609,0.0537,'C',9,5),(610,0.0741,'C',10,5),(611,0.0964,'C',11,5),(612,0.1204,'C',12,5),(613,0.1455,'C',13,5),(614,0.1713,'C',14,5),(615,0.1976,'C',15,5),(616,0.2238,'C',16,5),(617,0.2499,'C',17,5),(618,0.2756,'C',18,5),(619,0.3008,'C',19,5),(620,0.3252,'C',20,5),(621,0.3488,'C',21,5),(622,0.3716,'C',22,5),(623,0.3934,'C',23,5),(624,0.4143,'C',24,5),(625,0.4343,'C',25,5),(626,0.4533,'C',26,5),(627,0.4714,'C',27,5),(628,0.4886,'C',28,5),(629,0.5049,'C',29,5),(630,0.5204,'C',30,5),(631,0.535,'C',31,5),(632,0.5489,'C',32,5),(633,0.5621,'C',33,5),(634,0.5745,'C',34,5),(635,0.5863,'C',35,5),(636,0.5975,'C',36,5),(637,0.6081,'C',37,5),(638,0.6181,'C',38,5),(639,0.6276,'C',39,5),(640,0.6366,'C',40,5),(641,0.6452,'C',41,5),(642,0.6533,'C',42,5),(643,0.661,'C',43,5),(644,0.6683,'C',44,5),(645,0.6752,'C',45,5),(646,0.6818,'C',46,5),(647,0.6881,'C',47,5),(648,0.6941,'C',48,5),(649,0.6998,'C',49,5),(650,0.7052,'C',50,5),(651,0.7104,'C',51,5),(652,0.7153,'C',52,5),(653,0.72,'C',53,5),(654,0.7245,'C',54,5),(655,0.7287,'C',55,5),(656,0.7328,'C',56,5),(657,0.7367,'C',57,5),(658,0.7405,'C',58,5),(659,0.7441,'C',59,5),(660,0.7475,'C',60,5),(661,0.7508,'C',61,5),(662,0.7539,'C',62,5),(663,0.757,'C',63,5),(664,0.7599,'C',64,5),(665,0.7627,'C',65,5),(666,0.7653,'C',66,5),(667,0.7679,'C',67,5),(668,0.7704,'C',68,5),(669,0.7727,'C',69,5),(670,0.775,'C',70,5),(671,0.7772,'C',71,5),(672,0.7793,'C',72,5),(673,0.7814,'C',73,5),(674,0.7833,'C',74,5),(675,0.7852,'C',75,5),(676,0.7871,'C',76,5),(677,0.7888,'C',77,5),(678,0.7905,'C',78,5),(679,0.7922,'C',79,5),(680,0.7938,'C',80,5),(681,0.7953,'C',81,5),(682,0.7968,'C',82,5),(683,0.7982,'C',83,5),(684,0.7996,'C',84,5),(685,0.801,'C',85,5),(686,0.8023,'C',86,5),(687,0.8035,'C',87,5),(688,0.8047,'C',88,5),(689,0.8059,'C',89,5),(690,0.8071,'C',90,5),(691,0.8082,'C',91,5),(692,0.8093,'C',92,5),(693,0.8103,'C',93,5),(694,0.8113,'C',94,5),(695,0.8123,'C',95,5),(696,0.8133,'C',96,5),(697,0.8151,'C',97,5),(698,0.816,'C',98,5),(699,0.8168,'C',99,5),(700,0.8176,'C',100,5),(701,0,'B',1,5),(702,0,'B',2,5),(703,0,'B',3,5),(704,0,'B',4,5),(705,0.0036,'B',5,5),(706,0.0132,'B',6,5),(707,0.0281,'B',7,5),(708,0.0476,'B',8,5),(709,0.0712,'B',9,5),(710,0.0981,'B',10,5),(711,0.1278,'B',11,5),(712,0.1595,'B',12,5),(713,0.1928,'B',13,5),(714,0.227,'B',14,5),(715,0.2618,'B',15,5),(716,0.2966,'B',16,5),(717,0.3312,'B',17,5),(718,0.3652,'B',18,5),(719,0.3985,'B',19,5),(720,0.4309,'B',20,5),(721,0.4622,'B',21,5),(722,0.4924,'B',22,5),(723,0.5213,'B',23,5),(724,0.549,'B',24,5),(725,0.5754,'B',25,5),(726,0.6006,'B',26,5),(727,0.6246,'B',27,5),(728,0.6474,'B',28,5),(729,0.669,'B',29,5),(730,0.6895,'B',30,5),(731,0.7089,'B',31,5),(732,0.7273,'B',32,5),(733,0.7448,'B',33,5),(734,0.7613,'B',34,5),(735,0.7769,'B',35,5),(736,0.7917,'B',36,5),(737,0.8057,'B',37,5),(738,0.819,'B',38,5),(739,0.8316,'B',39,5),(740,0.8436,'B',40,5),(741,0.8549,'B',41,5),(742,0.8656,'B',42,5),(743,0.8758,'B',43,5),(744,0.8855,'B',44,5),(745,0.8947,'B',45,5),(746,0.9034,'B',46,5),(747,0.9118,'B',47,5),(748,0.9197,'B',48,5),(749,0.9272,'B',49,5),(750,0.9344,'B',50,5),(751,0.9412,'B',51,5),(752,0.9477,'B',52,5),(753,0.954,'B',53,5),(754,0.9599,'B',54,5),(755,0.9656,'B',55,5),(756,0.971,'B',56,5),(757,0.9762,'B',57,5),(758,0.9812,'B',58,5),(759,0.9859,'B',59,5),(760,0.9904,'B',60,5),(761,0.9948,'B',61,5),(762,0.999,'B',62,5),(763,1.003,'B',63,5),(764,1.0068,'B',64,5),(765,1.0105,'B',65,5),(766,1.0141,'B',66,5),(767,1.0175,'B',67,5),(768,1.0207,'B',68,5),(769,1.0239,'B',69,5),(770,1.0269,'B',70,5),(771,1.0298,'B',71,5),(772,1.0326,'B',72,5),(773,1.0353,'B',73,5),(774,1.0379,'B',74,5),(775,1.0405,'B',75,5),(776,1.0429,'B',76,5),(777,1.0452,'B',77,5),(778,1.0475,'B',78,5),(779,1.0496,'B',79,5),(780,1.0518,'B',80,5),(781,1.0538,'B',81,5),(782,1.0558,'B',82,5),(783,1.0577,'B',83,5),(784,1.0595,'B',84,5),(785,1.0613,'B',85,5),(786,1.063,'B',86,5),(787,1.0647,'B',87,5),(788,1.0663,'B',88,5),(789,1.0679,'B',89,5),(790,1.0694,'B',90,5),(791,1.0708,'B',91,5),(792,1.0723,'B',92,5),(793,1.0737,'B',93,5),(794,1.075,'B',94,5),(795,1.0763,'B',95,5),(796,1.0776,'B',96,5),(797,1.08,'B',97,5),(798,1.0812,'B',98,5),(799,1.0823,'B',99,5),(800,1.0834,'B',100,5),(801,0,'A',1,5),(802,0,'A',2,5),(803,0,'A',3,5),(804,0,'A',4,5),(805,0.0044,'A',5,5),(806,0.0161,'A',6,5),(807,0.0344,'A',7,5),(808,0.0584,'A',8,5),(809,0.0873,'A',9,5),(810,0.1204,'A',10,5),(811,0.1567,'A',11,5),(812,0.1957,'A',12,5),(813,0.2364,'A',13,5),(814,0.2784,'A',14,5),(815,0.321,'A',15,5),(816,0.3637,'A',16,5),(817,0.4062,'A',17,5),(818,0.4479,'A',18,5),(819,0.4888,'A',19,5),(820,0.5285,'A',20,5),(821,0.5668,'A',21,5),(822,0.6038,'A',22,5),(823,0.6393,'A',23,5),(824,0.6733,'A',24,5),(825,0.7057,'A',25,5),(826,0.7366,'A',26,5),(827,0.766,'A',27,5),(828,0.794,'A',28,5),(829,0.8205,'A',29,5),(830,0.8456,'A',30,5),(831,0.8694,'A',31,5),(832,0.892,'A',32,5),(833,0.9134,'A',33,5),(834,0.9336,'A',34,5),(835,0.9528,'A',35,5),(836,0.971,'A',36,5),(837,0.9882,'A',37,5),(838,1.0045,'A',38,5),(839,1.0199,'A',39,5),(840,1.0345,'A',40,5),(841,1.0484,'A',41,5),(842,1.0616,'A',42,5),(843,1.0741,'A',43,5),(844,1.086,'A',44,5),(845,1.0973,'A',45,5),(846,1.108,'A',46,5),(847,1.1182,'A',47,5),(848,1.1279,'A',48,5),(849,1.1371,'A',49,5),(850,1.1459,'A',50,5),(851,1.1543,'A',51,5),(852,1.1623,'A',52,5),(853,1.17,'A',53,5),(854,1.1772,'A',54,5),(855,1.1842,'A',55,5),(856,1.1909,'A',56,5),(857,1.1972,'A',57,5),(858,1.2033,'A',58,5),(859,1.2091,'A',59,5),(860,1.2147,'A',60,5),(861,1.22,'A',61,5),(862,1.2252,'A',62,5),(863,1.2301,'A',63,5),(864,1.2348,'A',64,5),(865,1.2393,'A',65,5),(866,1.2437,'A',66,5),(867,1.2478,'A',67,5),(868,1.2518,'A',68,5),(869,1.2557,'A',69,5),(870,1.2594,'A',70,5),(871,1.263,'A',71,5),(872,1.2664,'A',72,5),(873,1.2697,'A',73,5),(874,1.2729,'A',74,5),(875,1.276,'A',75,5),(876,1.279,'A',76,5),(877,1.2819,'A',77,5),(878,1.2846,'A',78,5),(879,1.2873,'A',79,5),(880,1.2899,'A',80,5),(881,1.2924,'A',81,5),(882,1.2948,'A',82,5),(883,1.2971,'A',83,5),(884,1.2994,'A',84,5),(885,1.3016,'A',85,5),(886,1.3037,'A',86,5),(887,1.3057,'A',87,5),(888,1.3077,'A',88,5),(889,1.3096,'A',89,5),(890,1.3115,'A',90,5),(891,1.3133,'A',91,5),(892,1.315,'A',92,5),(893,1.3167,'A',93,5),(894,1.3184,'A',94,5),(895,1.32,'A',95,5),(896,1.3215,'A',96,5),(897,1.3245,'A',97,5),(898,1.3259,'A',98,5),(899,1.3273,'A',99,5),(900,1.3287,'A',100,5),(901,0,'S',1,5),(902,0,'S',2,5),(903,0,'S',3,5),(904,0,'S',4,5),(905,0.005,'S',5,5),(906,0.0186,'S',6,5),(907,0.0397,'S',7,5),(908,0.0674,'S',8,5),(909,0.1007,'S',9,5),(910,0.1389,'S',10,5),(911,0.1808,'S',11,5),(912,0.2258,'S',12,5),(913,0.2728,'S',13,5),(914,0.3213,'S',14,5),(915,0.3704,'S',15,5),(916,0.4197,'S',16,5),(917,0.4686,'S',17,5),(918,0.5168,'S',18,5),(919,0.564,'S',19,5),(920,0.6098,'S',20,5),(921,0.6541,'S',21,5),(922,0.6967,'S',22,5),(923,0.7377,'S',23,5),(924,0.7769,'S',24,5),(925,0.8143,'S',25,5),(926,0.85,'S',26,5),(927,0.8839,'S',27,5),(928,0.9161,'S',28,5),(929,0.9467,'S',29,5),(930,0.9757,'S',30,5),(931,1.0032,'S',31,5),(932,1.0292,'S',32,5),(933,1.0539,'S',33,5),(934,1.0773,'S',34,5),(935,1.0994,'S',35,5),(936,1.1203,'S',36,5),(937,1.1402,'S',37,5),(938,1.159,'S',38,5),(939,1.1768,'S',39,5),(940,1.1937,'S',40,5),(941,1.2097,'S',41,5),(942,1.2249,'S',42,5),(943,1.2394,'S',43,5),(944,1.2531,'S',44,5),(945,1.2661,'S',45,5),(946,1.2785,'S',46,5),(947,1.2902,'S',47,5),(948,1.3014,'S',48,5),(949,1.3121,'S',49,5),(950,1.3222,'S',50,5),(951,1.3319,'S',51,5),(952,1.3411,'S',52,5),(953,1.35,'S',53,5),(954,1.3584,'S',54,5),(955,1.3664,'S',55,5),(956,1.3741,'S',56,5),(957,1.3814,'S',57,5),(958,1.3884,'S',58,5),(959,1.3951,'S',59,5),(960,1.4016,'S',60,5),(961,1.4077,'S',61,5),(962,1.4137,'S',62,5),(963,1.4193,'S',63,5),(964,1.4248,'S',64,5),(965,1.43,'S',65,5),(966,1.435,'S',66,5),(967,1.4398,'S',67,5),(968,1.4444,'S',68,5),(969,1.4489,'S',69,5),(970,1.4532,'S',70,5),(971,1.4573,'S',71,5),(972,1.4613,'S',72,5),(973,1.4651,'S',73,5),(974,1.4688,'S',74,5),(975,1.4723,'S',75,5),(976,1.4758,'S',76,5),(977,1.4791,'S',77,5),(978,1.4823,'S',78,5),(979,1.4854,'S',79,5),(980,1.4883,'S',80,5),(981,1.4912,'S',81,5),(982,1.494,'S',82,5),(983,1.4967,'S',83,5),(984,1.4993,'S',84,5),(985,1.5018,'S',85,5),(986,1.5042,'S',86,5),(987,1.5066,'S',87,5),(988,1.5089,'S',88,5),(989,1.5111,'S',89,5),(990,1.5133,'S',90,5),(991,1.5153,'S',91,5),(992,1.5174,'S',92,5),(993,1.5193,'S',93,5),(994,1.5212,'S',94,5),(995,1.5231,'S',95,5),(996,1.5249,'S',96,5),(997,1.5283,'S',97,5),(998,1.5299,'S',98,5),(999,1.5315,'S',99,5),(1000,1.5331,'S',100,5),(1001,0.0017,'D',1,6),(1002,0.0062,'D',2,6),(1003,0.0132,'D',3,6),(1004,0.0225,'D',4,6),(1005,0.0336,'D',5,6),(1006,0.0463,'D',6,6),(1007,0.0603,'D',7,6),(1008,0.0753,'D',8,6),(1009,0.0909,'D',9,6),(1010,0.1071,'D',10,6),(1011,0.1235,'D',11,6),(1012,0.1399,'D',12,6),(1013,0.1562,'D',13,6),(1014,0.1723,'D',14,6),(1015,0.188,'D',15,6),(1016,0.2033,'D',16,6),(1017,0.218,'D',17,6),(1018,0.2322,'D',18,6),(1019,0.2459,'D',19,6),(1020,0.259,'D',20,6),(1021,0.2714,'D',21,6),(1022,0.2833,'D',22,6),(1023,0.2946,'D',23,6),(1024,0.3054,'D',24,6),(1025,0.3156,'D',25,6),(1026,0.3252,'D',26,6),(1027,0.3344,'D',27,6),(1028,0.3431,'D',28,6),(1029,0.3513,'D',29,6),(1030,0.3591,'D',30,6),(1031,0.3665,'D',31,6),(1032,0.3734,'D',32,6),(1033,0.3801,'D',33,6),(1034,0.3863,'D',34,6),(1035,0.3923,'D',35,6),(1036,0.3979,'D',36,6),(1037,0.4032,'D',37,6),(1038,0.4083,'D',38,6),(1039,0.4131,'D',39,6),(1040,0.4177,'D',40,6),(1041,0.422,'D',41,6),(1042,0.4262,'D',42,6),(1043,0.4301,'D',43,6),(1044,0.4338,'D',44,6),(1045,0.4374,'D',45,6),(1046,0.4407,'D',46,6),(1047,0.444,'D',47,6),(1048,0.447,'D',48,6),(1049,0.45,'D',49,6),(1050,0.4528,'D',50,6),(1051,0.4555,'D',51,6),(1052,0.458,'D',52,6),(1053,0.4605,'D',53,6),(1054,0.4628,'D',54,6),(1055,0.465,'D',55,6),(1056,0.4672,'D',56,6),(1057,0.4692,'D',57,6),(1058,0.4712,'D',58,6),(1059,0.4731,'D',59,6),(1060,0.4749,'D',60,6),(1061,0.4767,'D',61,6),(1062,0.4783,'D',62,6),(1063,0.4799,'D',63,6),(1064,0.4815,'D',64,6),(1065,0.483,'D',65,6),(1066,0.4844,'D',66,6),(1067,0.4858,'D',67,6),(1068,0.4871,'D',68,6),(1069,0.4884,'D',69,6),(1070,0.4896,'D',70,6),(1071,0.4908,'D',71,6),(1072,0.4919,'D',72,6),(1073,0.493,'D',73,6),(1074,0.4941,'D',74,6),(1075,0.4951,'D',75,6),(1076,0.4961,'D',76,6),(1077,0.4971,'D',77,6),(1078,0.498,'D',78,6),(1079,0.4989,'D',79,6),(1080,0.4998,'D',80,6),(1081,0.5006,'D',81,6),(1082,0.5014,'D',82,6),(1083,0.5022,'D',83,6),(1084,0.503,'D',84,6),(1085,0.5037,'D',85,6),(1086,0.5044,'D',86,6),(1087,0.5051,'D',87,6),(1088,0.5058,'D',88,6),(1089,0.5064,'D',89,6),(1090,0.5071,'D',90,6),(1091,0.5077,'D',91,6),(1092,0.5083,'D',92,6),(1093,0.5094,'D',93,6),(1094,0.51,'D',94,6),(1095,0.5105,'D',95,6),(1096,0.511,'D',96,6),(1097,0.5115,'D',97,6),(1098,0.512,'D',98,6),(1099,0.5125,'D',99,6),(1100,0.513,'D',100,6),(1101,0.0027,'C',1,6),(1102,0.0099,'C',2,6),(1103,0.0212,'C',3,6),(1104,0.0359,'C',4,6),(1105,0.0537,'C',5,6),(1106,0.0741,'C',6,6),(1107,0.0964,'C',7,6),(1108,0.1204,'C',8,6),(1109,0.1455,'C',9,6),(1110,0.1713,'C',10,6),(1111,0.1976,'C',11,6),(1112,0.2238,'C',12,6),(1113,0.2499,'C',13,6),(1114,0.2756,'C',14,6),(1115,0.3008,'C',15,6),(1116,0.3252,'C',16,6),(1117,0.3488,'C',17,6),(1118,0.3716,'C',18,6),(1119,0.3934,'C',19,6),(1120,0.4143,'C',20,6),(1121,0.4343,'C',21,6),(1122,0.4533,'C',22,6),(1123,0.4714,'C',23,6),(1124,0.4886,'C',24,6),(1125,0.5049,'C',25,6),(1126,0.5204,'C',26,6),(1127,0.535,'C',27,6),(1128,0.5489,'C',28,6),(1129,0.5621,'C',29,6),(1130,0.5745,'C',30,6),(1131,0.5863,'C',31,6),(1132,0.5975,'C',32,6),(1133,0.6081,'C',33,6),(1134,0.6181,'C',34,6),(1135,0.6276,'C',35,6),(1136,0.6366,'C',36,6),(1137,0.6452,'C',37,6),(1138,0.6533,'C',38,6),(1139,0.661,'C',39,6),(1140,0.6683,'C',40,6),(1141,0.6752,'C',41,6),(1142,0.6818,'C',42,6),(1143,0.6881,'C',43,6),(1144,0.6941,'C',44,6),(1145,0.6998,'C',45,6),(1146,0.7052,'C',46,6),(1147,0.7104,'C',47,6),(1148,0.7153,'C',48,6),(1149,0.72,'C',49,6),(1150,0.7245,'C',50,6),(1151,0.7287,'C',51,6),(1152,0.7328,'C',52,6),(1153,0.7367,'C',53,6),(1154,0.7405,'C',54,6),(1155,0.7441,'C',55,6),(1156,0.7475,'C',56,6),(1157,0.7508,'C',57,6),(1158,0.7539,'C',58,6),(1159,0.757,'C',59,6),(1160,0.7599,'C',60,6),(1161,0.7627,'C',61,6),(1162,0.7653,'C',62,6),(1163,0.7679,'C',63,6),(1164,0.7704,'C',64,6),(1165,0.7727,'C',65,6),(1166,0.775,'C',66,6),(1167,0.7772,'C',67,6),(1168,0.7793,'C',68,6),(1169,0.7814,'C',69,6),(1170,0.7833,'C',70,6),(1171,0.7852,'C',71,6),(1172,0.7871,'C',72,6),(1173,0.7888,'C',73,6),(1174,0.7905,'C',74,6),(1175,0.7922,'C',75,6),(1176,0.7938,'C',76,6),(1177,0.7953,'C',77,6),(1178,0.7968,'C',78,6),(1179,0.7982,'C',79,6),(1180,0.7996,'C',80,6),(1181,0.801,'C',81,6),(1182,0.8023,'C',82,6),(1183,0.8035,'C',83,6),(1184,0.8047,'C',84,6),(1185,0.8059,'C',85,6),(1186,0.8071,'C',86,6),(1187,0.8082,'C',87,6),(1188,0.8093,'C',88,6),(1189,0.8103,'C',89,6),(1190,0.8113,'C',90,6),(1191,0.8123,'C',91,6),(1192,0.8133,'C',92,6),(1193,0.8151,'C',93,6),(1194,0.816,'C',94,6),(1195,0.8168,'C',95,6),(1196,0.8176,'C',96,6),(1197,0.8185,'C',97,6),(1198,0.8192,'C',98,6),(1199,0.82,'C',99,6),(1200,0.8207,'C',100,6),(1201,0.0036,'B',1,6),(1202,0.0132,'B',2,6),(1203,0.0281,'B',3,6),(1204,0.0476,'B',4,6),(1205,0.0712,'B',5,6),(1206,0.0981,'B',6,6),(1207,0.1278,'B',7,6),(1208,0.1595,'B',8,6),(1209,0.1928,'B',9,6),(1210,0.227,'B',10,6),(1211,0.2618,'B',11,6),(1212,0.2966,'B',12,6),(1213,0.3312,'B',13,6),(1214,0.3652,'B',14,6),(1215,0.3985,'B',15,6),(1216,0.4309,'B',16,6),(1217,0.4622,'B',17,6),(1218,0.4924,'B',18,6),(1219,0.5213,'B',19,6),(1220,0.549,'B',20,6),(1221,0.5754,'B',21,6),(1222,0.6006,'B',22,6),(1223,0.6246,'B',23,6),(1224,0.6474,'B',24,6),(1225,0.669,'B',25,6),(1226,0.6895,'B',26,6),(1227,0.7089,'B',27,6),(1228,0.7273,'B',28,6),(1229,0.7448,'B',29,6),(1230,0.7613,'B',30,6),(1231,0.7769,'B',31,6),(1232,0.7917,'B',32,6),(1233,0.8057,'B',33,6),(1234,0.819,'B',34,6),(1235,0.8316,'B',35,6),(1236,0.8436,'B',36,6),(1237,0.8549,'B',37,6),(1238,0.8656,'B',38,6),(1239,0.8758,'B',39,6),(1240,0.8855,'B',40,6),(1241,0.8947,'B',41,6),(1242,0.9034,'B',42,6),(1243,0.9118,'B',43,6),(1244,0.9197,'B',44,6),(1245,0.9272,'B',45,6),(1246,0.9344,'B',46,6),(1247,0.9412,'B',47,6),(1248,0.9477,'B',48,6),(1249,0.954,'B',49,6),(1250,0.9599,'B',50,6),(1251,0.9656,'B',51,6),(1252,0.971,'B',52,6),(1253,0.9762,'B',53,6),(1254,0.9812,'B',54,6),(1255,0.9859,'B',55,6),(1256,0.9904,'B',56,6),(1257,0.9948,'B',57,6),(1258,0.999,'B',58,6),(1259,1.003,'B',59,6),(1260,1.0068,'B',60,6),(1261,1.0105,'B',61,6),(1262,1.0141,'B',62,6),(1263,1.0175,'B',63,6),(1264,1.0207,'B',64,6),(1265,1.0239,'B',65,6),(1266,1.0269,'B',66,6),(1267,1.0298,'B',67,6),(1268,1.0326,'B',68,6),(1269,1.0353,'B',69,6),(1270,1.0379,'B',70,6),(1271,1.0405,'B',71,6),(1272,1.0429,'B',72,6),(1273,1.0452,'B',73,6),(1274,1.0475,'B',74,6),(1275,1.0496,'B',75,6),(1276,1.0518,'B',76,6),(1277,1.0538,'B',77,6),(1278,1.0558,'B',78,6),(1279,1.0577,'B',79,6),(1280,1.0595,'B',80,6),(1281,1.0613,'B',81,6),(1282,1.063,'B',82,6),(1283,1.0647,'B',83,6),(1284,1.0663,'B',84,6),(1285,1.0679,'B',85,6),(1286,1.0694,'B',86,6),(1287,1.0708,'B',87,6),(1288,1.0723,'B',88,6),(1289,1.0737,'B',89,6),(1290,1.075,'B',90,6),(1291,1.0763,'B',91,6),(1292,1.0776,'B',92,6),(1293,1.08,'B',93,6),(1294,1.0812,'B',94,6),(1295,1.0823,'B',95,6),(1296,1.0834,'B',96,6),(1297,1.0845,'B',97,6),(1298,1.0855,'B',98,6),(1299,1.0865,'B',99,6),(1300,1.0875,'B',100,6),(1301,0.0044,'A',1,6),(1302,0.0161,'A',2,6),(1303,0.0344,'A',3,6),(1304,0.0584,'A',4,6),(1305,0.0873,'A',5,6),(1306,0.1204,'A',6,6),(1307,0.1567,'A',7,6),(1308,0.1957,'A',8,6),(1309,0.2364,'A',9,6),(1310,0.2784,'A',10,6),(1311,0.321,'A',11,6),(1312,0.3637,'A',12,6),(1313,0.4062,'A',13,6),(1314,0.4479,'A',14,6),(1315,0.4888,'A',15,6),(1316,0.5285,'A',16,6),(1317,0.5668,'A',17,6),(1318,0.6038,'A',18,6),(1319,0.6393,'A',19,6),(1320,0.6733,'A',20,6),(1321,0.7057,'A',21,6),(1322,0.7366,'A',22,6),(1323,0.766,'A',23,6),(1324,0.794,'A',24,6),(1325,0.8205,'A',25,6),(1326,0.8456,'A',26,6),(1327,0.8694,'A',27,6),(1328,0.892,'A',28,6),(1329,0.9134,'A',29,6),(1330,0.9336,'A',30,6),(1331,0.9528,'A',31,6),(1332,0.971,'A',32,6),(1333,0.9882,'A',33,6),(1334,1.0045,'A',34,6),(1335,1.0199,'A',35,6),(1336,1.0345,'A',36,6),(1337,1.0484,'A',37,6),(1338,1.0616,'A',38,6),(1339,1.0741,'A',39,6),(1340,1.086,'A',40,6),(1341,1.0973,'A',41,6),(1342,1.108,'A',42,6),(1343,1.1182,'A',43,6),(1344,1.1279,'A',44,6),(1345,1.1371,'A',45,6),(1346,1.1459,'A',46,6),(1347,1.1543,'A',47,6),(1348,1.1623,'A',48,6),(1349,1.17,'A',49,6),(1350,1.1772,'A',50,6),(1351,1.1842,'A',51,6),(1352,1.1909,'A',52,6),(1353,1.1972,'A',53,6),(1354,1.2033,'A',54,6),(1355,1.2091,'A',55,6),(1356,1.2147,'A',56,6),(1357,1.22,'A',57,6),(1358,1.2252,'A',58,6),(1359,1.2301,'A',59,6),(1360,1.2348,'A',60,6),(1361,1.2393,'A',61,6),(1362,1.2437,'A',62,6),(1363,1.2478,'A',63,6),(1364,1.2518,'A',64,6),(1365,1.2557,'A',65,6),(1366,1.2594,'A',66,6),(1367,1.263,'A',67,6),(1368,1.2664,'A',68,6),(1369,1.2697,'A',69,6),(1370,1.2729,'A',70,6),(1371,1.276,'A',71,6),(1372,1.279,'A',72,6),(1373,1.2819,'A',73,6),(1374,1.2846,'A',74,6),(1375,1.2873,'A',75,6),(1376,1.2899,'A',76,6),(1377,1.2924,'A',77,6),(1378,1.2948,'A',78,6),(1379,1.2971,'A',79,6),(1380,1.2994,'A',80,6),(1381,1.3016,'A',81,6),(1382,1.3037,'A',82,6),(1383,1.3057,'A',83,6),(1384,1.3077,'A',84,6),(1385,1.3096,'A',85,6),(1386,1.3115,'A',86,6),(1387,1.3133,'A',87,6),(1388,1.315,'A',88,6),(1389,1.3167,'A',89,6),(1390,1.3184,'A',90,6),(1391,1.32,'A',91,6),(1392,1.3215,'A',92,6),(1393,1.3245,'A',93,6),(1394,1.3259,'A',94,6),(1395,1.3273,'A',95,6),(1396,1.3287,'A',96,6),(1397,1.33,'A',97,6),(1398,1.3313,'A',98,6),(1399,1.3325,'A',99,6),(1400,1.3337,'A',100,6),(1401,0.005,'S',1,6),(1402,0.0186,'S',2,6),(1403,0.0397,'S',3,6),(1404,0.0674,'S',4,6),(1405,0.1007,'S',5,6),(1406,0.1389,'S',6,6),(1407,0.1808,'S',7,6),(1408,0.2258,'S',8,6),(1409,0.2728,'S',9,6),(1410,0.3213,'S',10,6),(1411,0.3704,'S',11,6),(1412,0.4197,'S',12,6),(1413,0.4686,'S',13,6),(1414,0.5168,'S',14,6),(1415,0.564,'S',15,6),(1416,0.6098,'S',16,6),(1417,0.6541,'S',17,6),(1418,0.6967,'S',18,6),(1419,0.7377,'S',19,6),(1420,0.7769,'S',20,6),(1421,0.8143,'S',21,6),(1422,0.85,'S',22,6),(1423,0.8839,'S',23,6),(1424,0.9161,'S',24,6),(1425,0.9467,'S',25,6),(1426,0.9757,'S',26,6),(1427,1.0032,'S',27,6),(1428,1.0292,'S',28,6),(1429,1.0539,'S',29,6),(1430,1.0773,'S',30,6),(1431,1.0994,'S',31,6),(1432,1.1203,'S',32,6),(1433,1.1402,'S',33,6),(1434,1.159,'S',34,6),(1435,1.1768,'S',35,6),(1436,1.1937,'S',36,6),(1437,1.2097,'S',37,6),(1438,1.2249,'S',38,6),(1439,1.2394,'S',39,6),(1440,1.2531,'S',40,6),(1441,1.2661,'S',41,6),(1442,1.2785,'S',42,6),(1443,1.2902,'S',43,6),(1444,1.3014,'S',44,6),(1445,1.3121,'S',45,6),(1446,1.3222,'S',46,6),(1447,1.3319,'S',47,6),(1448,1.3411,'S',48,6),(1449,1.35,'S',49,6),(1450,1.3584,'S',50,6),(1451,1.3664,'S',51,6),(1452,1.3741,'S',52,6),(1453,1.3814,'S',53,6),(1454,1.3884,'S',54,6),(1455,1.3951,'S',55,6),(1456,1.4016,'S',56,6),(1457,1.4077,'S',57,6),(1458,1.4137,'S',58,6),(1459,1.4193,'S',59,6),(1460,1.4248,'S',60,6),(1461,1.43,'S',61,6),(1462,1.435,'S',62,6),(1463,1.4398,'S',63,6),(1464,1.4444,'S',64,6),(1465,1.4489,'S',65,6),(1466,1.4532,'S',66,6),(1467,1.4573,'S',67,6),(1468,1.4613,'S',68,6),(1469,1.4651,'S',69,6),(1470,1.4688,'S',70,6),(1471,1.4723,'S',71,6),(1472,1.4758,'S',72,6),(1473,1.4791,'S',73,6),(1474,1.4823,'S',74,6),(1475,1.4854,'S',75,6),(1476,1.4883,'S',76,6),(1477,1.4912,'S',77,6),(1478,1.494,'S',78,6),(1479,1.4967,'S',79,6),(1480,1.4993,'S',80,6),(1481,1.5018,'S',81,6),(1482,1.5042,'S',82,6),(1483,1.5066,'S',83,6),(1484,1.5089,'S',84,6),(1485,1.5111,'S',85,6),(1486,1.5133,'S',86,6),(1487,1.5153,'S',87,6),(1488,1.5174,'S',88,6),(1489,1.5193,'S',89,6),(1490,1.5212,'S',90,6),(1491,1.5231,'S',91,6),(1492,1.5249,'S',92,6),(1493,1.5283,'S',93,6),(1494,1.5299,'S',94,6),(1495,1.5315,'S',95,6),(1496,1.5331,'S',96,6),(1497,1.5346,'S',97,6),(1498,1.5361,'S',98,6),(1499,1.5375,'S',99,6),(1500,1.5389,'S',100,6);

INSERT INTO `stat_increase` (id, attribute_value, increase, attribute_id, stat_id) VALUES (1,8,0.00,1,1),(2,9,21.00,1,1),(3,10,42.00,1,1),(4,11,61.00,1,1),(5,12,81.00,1,1),(6,13,99.00,1,1),(7,14,117.00,1,1),(8,15,134.00,1,1),(9,16,150.00,1,1),(10,17,166.00,1,1),(11,18,181.00,1,1),(12,19,196.00,1,1),(13,20,210.00,1,1),(14,21,224.00,1,1),(15,22,237.00,1,1),(16,23,250.00,1,1),(17,24,262.00,1,1),(18,25,274.00,1,1),(19,26,286.00,1,1),(20,27,297.00,1,1),(21,28,308.00,1,1),(22,29,319.00,1,1),(23,30,329.00,1,1),(24,31,339.00,1,1),(25,32,348.00,1,1),(26,33,358.00,1,1),(27,34,367.00,1,1),(28,35,376.00,1,1),(29,36,384.00,1,1),(30,37,392.00,1,1),(31,38,400.00,1,1),(32,39,408.00,1,1),(33,40,416.00,1,1),(34,41,423.00,1,1),(35,42,431.00,1,1),(36,43,438.00,1,1),(37,44,444.00,1,1),(38,45,451.00,1,1),(39,46,458.00,1,1),(40,47,464.00,1,1),(41,48,470.00,1,1),(42,49,476.00,1,1),(43,50,482.00,1,1),(44,51,488.00,1,1),(45,52,493.00,1,1),(46,53,499.00,1,1),(47,54,504.00,1,1),(48,55,509.00,1,1),(49,56,514.00,1,1),(50,57,519.00,1,1),(51,58,524.00,1,1),(52,59,529.00,1,1),(53,60,534.00,1,1),(54,61,538.00,1,1),(55,62,543.00,1,1),(56,63,547.00,1,1),(57,64,551.00,1,1),(58,65,555.00,1,1),(59,66,560.00,1,1),(60,67,564.00,1,1),(61,68,567.00,1,1),(62,69,571.00,1,1),(63,70,575.00,1,1),(64,71,579.00,1,1),(65,72,582.00,1,1),(66,73,586.00,1,1),(67,74,589.00,1,1),(68,75,593.00,1,1),(69,76,596.00,1,1),(70,77,599.00,1,1),(71,78,603.00,1,1),(72,79,606.00,1,1),(73,80,609.00,1,1),(74,81,612.00,1,1),(75,82,615.00,1,1),(76,83,618.00,1,1),(77,84,621.00,1,1),(78,85,624.00,1,1),(79,86,626.00,1,1),(80,87,629.00,1,1),(81,88,632.00,1,1),(82,89,635.00,1,1),(83,90,637.00,1,1),(84,91,640.00,1,1),(85,92,642.00,1,1),(86,93,645.00,1,1),(87,94,647.00,1,1),(88,95,650.00,1,1),(89,96,652.00,1,1),(90,97,654.00,1,1),(91,98,657.00,1,1),(92,99,659.00,1,1),(93,100,661.00,1,1),(94,8,0.00,1,4),(95,9,5.00,1,4),(96,10,10.00,1,4),(97,11,15.00,1,4),(98,12,20.00,1,4),(99,13,25.00,1,4),(100,14,29.00,1,4),(101,15,34.00,1,4),(102,16,38.00,1,4),(103,17,42.00,1,4),(104,18,46.00,1,4),(105,19,50.00,1,4),(106,20,54.00,1,4),(107,21,57.00,1,4),(108,22,61.00,1,4),(109,23,64.00,1,4),(110,24,67.00,1,4),(111,25,70.00,1,4),(112,26,74.00,1,4),(113,27,77.00,1,4),(114,28,80.00,1,4),(115,29,82.00,1,4),(116,30,86.00,1,4),(117,31,88.00,1,4),(118,32,91.00,1,4),(119,33,94.00,1,4),(120,34,96.00,1,4),(121,35,98.00,1,4),(122,36,101.00,1,4),(123,37,103.00,1,4),(124,38,106.00,1,4),(125,39,108.00,1,4),(126,40,110.00,1,4),(127,41,113.00,1,4),(128,42,114.00,1,4),(129,43,117.00,1,4),(130,44,118.00,1,4),(131,45,121.00,1,4),(132,46,122.00,1,4),(133,47,125.00,1,4),(134,48,126.00,1,4),(135,49,129.00,1,4),(136,50,130.00,1,4),(137,51,132.00,1,4),(138,52,134.00,1,4),(139,53,135.00,1,4),(140,54,137.00,1,4),(141,55,138.00,1,4),(142,56,140.00,1,4),(143,57,142.00,1,4),(144,58,143.00,1,4),(145,59,145.00,1,4),(146,60,146.00,1,4),(147,61,148.00,1,4),(148,62,150.00,1,4),(149,63,150.00,1,4),(150,64,152.00,1,4),(151,65,154.00,1,4),(152,66,155.00,1,4),(153,67,156.00,1,4),(154,68,158.00,1,4),(155,69,158.00,1,4),(156,70,160.00,1,4),(157,71,161.00,1,4),(158,72,162.00,1,4),(159,73,163.00,1,4),(160,74,165.00,1,4),(161,75,166.00,1,4),(162,76,167.00,1,4),(163,77,168.00,1,4),(164,78,170.00,1,4),(165,79,170.00,1,4),(166,80,171.00,1,4),(167,81,173.00,1,4),(168,82,174.00,1,4),(169,83,174.00,1,4),(170,84,175.00,1,4),(171,85,177.00,1,4),(172,86,178.00,1,4),(173,87,178.00,1,4),(174,88,179.00,1,4),(175,89,180.00,1,4),(176,90,181.00,1,4),(177,91,182.00,1,4),(178,92,183.00,1,4),(179,93,184.00,1,4),(180,94,185.00,1,4),(181,95,186.00,1,4),(182,96,186.00,1,4),(183,97,187.00,1,4),(184,98,188.00,1,4),(185,99,189.00,1,4),(186,100,190.00,1,4),(187,8,0.00,1,5),(188,9,2.00,1,5),(189,10,3.00,1,5),(190,11,5.00,1,5),(191,12,7.00,1,5),(192,13,8.00,1,5),(193,14,10.00,1,5),(194,15,12.00,1,5),(195,16,13.00,1,5),(196,17,15.00,1,5),(197,18,16.00,1,5),(198,19,18.00,1,5),(199,20,19.00,1,5),(200,21,21.00,1,5),(201,22,22.00,1,5),(202,23,24.00,1,5),(203,24,25.00,1,5),(204,25,26.00,1,5),(205,26,28.00,1,5),(206,27,29.00,1,5),(207,28,30.00,1,5),(208,29,32.00,1,5),(209,30,33.00,1,5),(210,31,34.00,1,5),(211,32,35.00,1,5),(212,33,37.00,1,5),(213,34,38.00,1,5),(214,35,39.00,1,5),(215,36,40.00,1,5),(216,37,42.00,1,5),(217,38,43.00,1,5),(218,39,44.00,1,5),(219,40,45.00,1,5),(220,41,46.00,1,5),(221,42,47.00,1,5),(222,43,48.00,1,5),(223,44,49.00,1,5),(224,45,50.00,1,5),(225,46,51.00,1,5),(226,47,52.00,1,5),(227,48,54.00,1,5),(228,49,55.00,1,5),(229,50,56.00,1,5),(230,51,57.00,1,5),(231,52,57.00,1,5),(232,53,58.00,1,5),(233,54,59.00,1,5),(234,55,60.00,1,5),(235,56,61.00,1,5),(236,57,62.00,1,5),(237,58,63.00,1,5),(238,59,64.00,1,5),(239,60,65.00,1,5),(240,61,66.00,1,5),(241,62,67.00,1,5),(242,63,68.00,1,5),(243,64,68.00,1,5),(244,65,69.00,1,5),(245,66,70.00,1,5),(246,67,71.00,1,5),(247,68,72.00,1,5),(248,69,73.00,1,5),(249,70,73.00,1,5),(250,71,74.00,1,5),(251,72,75.00,1,5),(252,73,76.00,1,5),(253,74,76.00,1,5),(254,75,77.00,1,5),(255,76,78.00,1,5),(256,77,79.00,1,5),(257,78,79.00,1,5),(258,79,80.00,1,5),(259,80,81.00,1,5),(260,81,82.00,1,5),(261,82,82.00,1,5),(262,83,83.00,1,5),(263,84,84.00,1,5),(264,85,84.00,1,5),(265,86,85.00,1,5),(266,87,86.00,1,5),(267,88,86.00,1,5),(268,89,87.00,1,5),(269,90,88.00,1,5),(270,91,88.00,1,5),(271,92,89.00,1,5),(272,93,90.00,1,5),(273,94,90.00,1,5),(274,95,91.00,1,5),(275,96,92.00,1,5),(276,97,92.00,1,5),(277,98,93.00,1,5),(278,99,93.00,1,5),(279,100,94.00,1,5),(280,8,0.00,1,8),(281,9,1.00,1,8),(282,10,2.00,1,8),(283,11,3.00,1,8),(284,12,4.00,1,8),(285,13,5.00,1,8),(286,14,6.00,1,8),(287,15,7.00,1,8),(288,16,8.00,1,8),(289,17,9.00,1,8),(290,18,10.00,1,8),(291,19,10.00,1,8),(292,20,11.00,1,8),(293,21,12.00,1,8),(294,22,13.00,1,8),(295,23,14.00,1,8),(296,24,14.00,1,8),(297,25,15.00,1,8),(298,26,16.00,1,8),(299,27,17.00,1,8),(300,28,17.00,1,8),(301,29,18.00,1,8),(302,30,19.00,1,8),(303,31,20.00,1,8),(304,32,20.00,1,8),(305,33,21.00,1,8),(306,34,22.00,1,8),(307,35,22.00,1,8),(308,36,23.00,1,8),(309,37,24.00,1,8),(310,38,24.00,1,8),(311,39,25.00,1,8),(312,40,26.00,1,8),(313,41,26.00,1,8),(314,42,27.00,1,8),(315,43,27.00,1,8),(316,44,28.00,1,8),(317,45,29.00,1,8),(318,46,29.00,1,8),(319,47,30.00,1,8),(320,48,30.00,1,8),(321,49,31.00,1,8),(322,50,31.00,1,8),(323,51,32.00,1,8),(324,52,33.00,1,8),(325,53,33.00,1,8),(326,54,34.00,1,8),(327,55,34.00,1,8),(328,56,35.00,1,8),(329,57,35.00,1,8),(330,58,36.00,1,8),(331,59,36.00,1,8),(332,60,37.00,1,8),(333,61,37.00,1,8),(334,62,38.00,1,8),(335,63,38.00,1,8),(336,64,39.00,1,8),(337,65,39.00,1,8),(338,66,40.00,1,8),(339,67,40.00,1,8),(340,68,41.00,1,8),(341,69,41.00,1,8),(342,70,41.00,1,8),(343,71,42.00,1,8),(344,72,42.00,1,8),(345,73,43.00,1,8),(346,74,43.00,1,8),(347,75,44.00,1,8),(348,76,44.00,1,8),(349,77,44.00,1,8),(350,78,45.00,1,8),(351,79,45.00,1,8),(352,80,46.00,1,8),(353,81,46.00,1,8),(354,82,46.00,1,8),(355,83,47.00,1,8),(356,84,47.00,1,8),(357,85,48.00,1,8),(358,86,48.00,1,8),(359,87,48.00,1,8),(360,88,49.00,1,8),(361,89,49.00,1,8),(362,90,50.00,1,8),(363,91,50.00,1,8),(364,92,50.00,1,8),(365,93,51.00,1,8),(366,94,51.00,1,8),(367,95,51.00,1,8),(368,96,52.00,1,8),(369,97,52.00,1,8),(370,98,52.00,1,8),(371,99,53.00,1,8),(372,100,53.00,1,8),(373,8,0.00,1,11),(374,9,1.00,1,11),(375,10,2.00,1,11),(376,11,3.00,1,11),(377,12,4.00,1,11),(378,13,5.00,1,11),(379,14,6.00,1,11),(380,15,7.00,1,11),(381,16,8.00,1,11),(382,17,9.00,1,11),(383,18,10.00,1,11),(384,19,10.00,1,11),(385,20,11.00,1,11),(386,21,12.00,1,11),(387,22,13.00,1,11),(388,23,14.00,1,11),(389,24,14.00,1,11),(390,25,15.00,1,11),(391,26,16.00,1,11),(392,27,17.00,1,11),(393,28,17.00,1,11),(394,29,18.00,1,11),(395,30,19.00,1,11),(396,31,20.00,1,11),(397,32,20.00,1,11),(398,33,21.00,1,11),(399,34,22.00,1,11),(400,35,22.00,1,11),(401,36,23.00,1,11),(402,37,24.00,1,11),(403,38,24.00,1,11),(404,39,25.00,1,11),(405,40,26.00,1,11),(406,41,26.00,1,11),(407,42,27.00,1,11),(408,43,27.00,1,11),(409,44,28.00,1,11),(410,45,29.00,1,11),(411,46,29.00,1,11),(412,47,30.00,1,11),(413,48,30.00,1,11),(414,49,31.00,1,11),(415,50,31.00,1,11),(416,51,32.00,1,11),(417,52,33.00,1,11),(418,53,33.00,1,11),(419,54,34.00,1,11),(420,55,34.00,1,11),(421,56,35.00,1,11),(422,57,35.00,1,11),(423,58,36.00,1,11),(424,59,36.00,1,11),(425,60,37.00,1,11),(426,61,37.00,1,11),(427,62,38.00,1,11),(428,63,38.00,1,11),(429,64,39.00,1,11),(430,65,39.00,1,11),(431,66,40.00,1,11),(432,67,40.00,1,11),(433,68,41.00,1,11),(434,69,41.00,1,11),(435,70,41.00,1,11),(436,71,42.00,1,11),(437,72,42.00,1,11),(438,73,43.00,1,11),(439,74,43.00,1,11),(440,75,44.00,1,11),(441,76,44.00,1,11),(442,77,44.00,1,11),(443,78,45.00,1,11),(444,79,45.00,1,11),(445,80,46.00,1,11),(446,81,46.00,1,11),(447,82,46.00,1,11),(448,83,47.00,1,11),(449,84,47.00,1,11),(450,85,48.00,1,11),(451,86,48.00,1,11),(452,87,48.00,1,11),(453,88,49.00,1,11),(454,89,49.00,1,11),(455,90,50.00,1,11),(456,91,50.00,1,11),(457,92,50.00,1,11),(458,93,51.00,1,11),(459,94,51.00,1,11),(460,95,51.00,1,11),(461,96,52.00,1,11),(462,97,52.00,1,11),(463,98,52.00,1,11),(464,99,53.00,1,11),(465,100,53.00,1,11),(466,8,0.00,1,14),(467,9,1.00,1,14),(468,10,2.00,1,14),(469,11,3.00,1,14),(470,12,4.00,1,14),(471,13,5.00,1,14),(472,14,6.00,1,14),(473,15,7.00,1,14),(474,16,8.00,1,14),(475,17,9.00,1,14),(476,18,10.00,1,14),(477,19,10.00,1,14),(478,20,11.00,1,14),(479,21,12.00,1,14),(480,22,13.00,1,14),(481,23,14.00,1,14),(482,24,14.00,1,14),(483,25,15.00,1,14),(484,26,16.00,1,14),(485,27,17.00,1,14),(486,28,17.00,1,14),(487,29,18.00,1,14),(488,30,19.00,1,14),(489,31,20.00,1,14),(490,32,20.00,1,14),(491,33,21.00,1,14),(492,34,22.00,1,14),(493,35,22.00,1,14),(494,36,23.00,1,14),(495,37,24.00,1,14),(496,38,24.00,1,14),(497,39,25.00,1,14),(498,40,26.00,1,14),(499,41,26.00,1,14),(500,42,27.00,1,14),(501,43,27.00,1,14),(502,44,28.00,1,14),(503,45,29.00,1,14),(504,46,29.00,1,14),(505,47,30.00,1,14),(506,48,30.00,1,14),(507,49,31.00,1,14),(508,50,31.00,1,14),(509,51,32.00,1,14),(510,52,33.00,1,14),(511,53,33.00,1,14),(512,54,34.00,1,14),(513,55,34.00,1,14),(514,56,35.00,1,14),(515,57,35.00,1,14),(516,58,36.00,1,14),(517,59,36.00,1,14),(518,60,37.00,1,14),(519,61,37.00,1,14),(520,62,38.00,1,14),(521,63,38.00,1,14),(522,64,39.00,1,14),(523,65,39.00,1,14),(524,66,40.00,1,14),(525,67,40.00,1,14),(526,68,41.00,1,14),(527,69,41.00,1,14),(528,70,41.00,1,14),(529,71,42.00,1,14),(530,72,42.00,1,14),(531,73,43.00,1,14),(532,74,43.00,1,14),(533,75,44.00,1,14),(534,76,44.00,1,14),(535,77,44.00,1,14),(536,78,45.00,1,14),(537,79,45.00,1,14),(538,80,46.00,1,14),(539,81,46.00,1,14),(540,82,46.00,1,14),(541,83,47.00,1,14),(542,84,47.00,1,14),(543,85,48.00,1,14),(544,86,48.00,1,14),(545,87,48.00,1,14),(546,88,49.00,1,14),(547,89,49.00,1,14),(548,90,50.00,1,14),(549,91,50.00,1,14),(550,92,50.00,1,14),(551,93,51.00,1,14),(552,94,51.00,1,14),(553,95,51.00,1,14),(554,96,52.00,1,14),(555,97,52.00,1,14),(556,98,52.00,1,14),(557,99,53.00,1,14),(558,100,53.00,1,14),(559,5,0.00,2,2),(560,6,7.00,2,2),(561,7,13.00,2,2),(562,8,19.00,2,2),(563,9,24.00,2,2),(564,10,29.00,2,2),(565,11,34.00,2,2),(566,12,38.00,2,2),(567,13,42.00,2,2),(568,14,46.00,2,2),(569,15,50.00,2,2),(570,16,53.00,2,2),(571,17,56.00,2,2),(572,18,59.00,2,2),(573,19,62.00,2,2),(574,20,65.00,2,2),(575,21,68.00,2,2),(576,22,70.00,2,2),(577,23,73.00,2,2),(578,24,75.00,2,2),(579,25,77.00,2,2),(580,26,79.00,2,2),(581,27,81.00,2,2),(582,28,83.00,2,2),(583,29,85.00,2,2),(584,30,87.00,2,2),(585,31,88.00,2,2),(586,32,90.00,2,2),(587,33,91.00,2,2),(588,34,93.00,2,2),(589,35,94.00,2,2),(590,36,96.00,2,2),(591,37,97.00,2,2),(592,38,99.00,2,2),(593,39,100.00,2,2),(594,40,101.00,2,2),(595,41,102.00,2,2),(596,42,103.00,2,2),(597,43,104.00,2,2),(598,44,106.00,2,2),(599,45,107.00,2,2),(600,46,108.00,2,2),(601,47,109.00,2,2),(602,48,109.00,2,2),(603,49,110.00,2,2),(604,50,111.00,2,2),(605,51,112.00,2,2),(606,52,113.00,2,2),(607,53,114.00,2,2),(608,54,115.00,2,2),(609,55,115.00,2,2),(610,56,116.00,2,2),(611,57,117.00,2,2),(612,58,118.00,2,2),(613,59,118.00,2,2),(614,60,119.00,2,2),(615,61,120.00,2,2),(616,62,120.00,2,2),(617,63,121.00,2,2),(618,64,122.00,2,2),(619,65,122.00,2,2),(620,66,123.00,2,2),(621,67,123.00,2,2),(622,68,124.00,2,2),(623,69,124.00,2,2),(624,70,125.00,2,2),(625,71,126.00,2,2),(626,72,126.00,2,2),(627,73,127.00,2,2),(628,74,127.00,2,2),(629,75,128.00,2,2),(630,76,128.00,2,2),(631,77,128.00,2,2),(632,78,129.00,2,2),(633,79,129.00,2,2),(634,80,130.00,2,2),(635,81,130.00,2,2),(636,82,131.00,2,2),(637,83,131.00,2,2),(638,84,131.00,2,2),(639,85,132.00,2,2),(640,86,132.00,2,2),(641,87,133.00,2,2),(642,88,133.00,2,2),(643,89,133.00,2,2),(644,90,134.00,2,2),(645,91,134.00,2,2),(646,92,134.00,2,2),(647,93,135.00,2,2),(648,94,135.00,2,2),(649,95,135.00,2,2),(650,96,136.00,2,2),(651,97,136.00,2,2),(652,98,136.00,2,2),(653,99,137.00,2,2),(654,100,137.00,2,2),(655,5,0.00,2,5),(656,6,1.00,2,5),(657,7,2.00,2,5),(658,8,2.00,2,5),(659,9,3.00,2,5),(660,10,4.00,2,5),(661,11,5.00,2,5),(662,12,6.00,2,5),(663,13,7.00,2,5),(664,14,8.00,2,5),(665,15,8.00,2,5),(666,16,9.00,2,5),(667,17,10.00,2,5),(668,18,11.00,2,5),(669,19,11.00,2,5),(670,20,12.00,2,5),(671,21,13.00,2,5),(672,22,14.00,2,5),(673,23,14.00,2,5),(674,24,15.00,2,5),(675,25,16.00,2,5),(676,26,16.00,2,5),(677,27,17.00,2,5),(678,28,18.00,2,5),(679,29,18.00,2,5),(680,30,19.00,2,5),(681,31,20.00,2,5),(682,32,20.00,2,5),(683,33,21.00,2,5),(684,34,21.00,2,5),(685,35,22.00,2,5),(686,36,23.00,2,5),(687,37,23.00,2,5),(688,38,24.00,2,5),(689,39,24.00,2,5),(690,40,25.00,2,5),(691,41,26.00,2,5),(692,42,26.00,2,5),(693,43,27.00,2,5),(694,44,27.00,2,5),(695,45,28.00,2,5),(696,46,28.00,2,5),(697,47,29.00,2,5),(698,48,29.00,2,5),(699,49,30.00,2,5),(700,50,30.00,2,5),(701,51,31.00,2,5),(702,52,31.00,2,5),(703,53,32.00,2,5),(704,54,32.00,2,5),(705,55,33.00,2,5),(706,56,33.00,2,5),(707,57,34.00,2,5),(708,58,34.00,2,5),(709,59,35.00,2,5),(710,60,35.00,2,5),(711,61,35.00,2,5),(712,62,36.00,2,5),(713,63,36.00,2,5),(714,64,37.00,2,5),(715,65,37.00,2,5),(716,66,38.00,2,5),(717,67,38.00,2,5),(718,68,38.00,2,5),(719,69,39.00,2,5),(720,70,39.00,2,5),(721,71,40.00,2,5),(722,72,40.00,2,5),(723,73,40.00,2,5),(724,74,41.00,2,5),(725,75,41.00,2,5),(726,76,41.00,2,5),(727,77,42.00,2,5),(728,78,42.00,2,5),(729,79,43.00,2,5),(730,80,43.00,2,5),(731,81,43.00,2,5),(732,82,44.00,2,5),(733,83,44.00,2,5),(734,84,44.00,2,5),(735,85,45.00,2,5),(736,86,45.00,2,5),(737,87,45.00,2,5),(738,88,46.00,2,5),(739,89,46.00,2,5),(740,90,46.00,2,5),(741,91,47.00,2,5),(742,92,47.00,2,5),(743,93,47.00,2,5),(744,94,48.00,2,5),(745,95,48.00,2,5),(746,96,48.00,2,5),(747,97,49.00,2,5),(748,98,49.00,2,5),(749,99,49.00,2,5),(750,100,50.00,2,5),(751,5,0.00,2,8),(752,6,0.00,2,8),(753,7,1.00,2,8),(754,8,1.00,2,8),(755,9,2.00,2,8),(756,10,2.00,2,8),(757,11,3.00,2,8),(758,12,3.00,2,8),(759,13,4.00,2,8),(760,14,4.00,2,8),(761,15,4.00,2,8),(762,16,5.00,2,8),(763,17,5.00,2,8),(764,18,6.00,2,8),(765,19,6.00,2,8),(766,20,7.00,2,8),(767,21,7.00,2,8),(768,22,7.00,2,8),(769,23,8.00,2,8),(770,24,8.00,2,8),(771,25,9.00,2,8),(772,26,9.00,2,8),(773,27,9.00,2,8),(774,28,10.00,2,8),(775,29,10.00,2,8),(776,30,10.00,2,8),(777,31,11.00,2,8),(778,32,11.00,2,8),(779,33,11.00,2,8),(780,34,12.00,2,8),(781,35,12.00,2,8),(782,36,12.00,2,8),(783,37,13.00,2,8),(784,38,13.00,2,8),(785,39,13.00,2,8),(786,40,14.00,2,8),(787,41,14.00,2,8),(788,42,14.00,2,8),(789,43,15.00,2,8),(790,44,15.00,2,8),(791,45,15.00,2,8),(792,46,16.00,2,8),(793,47,16.00,2,8),(794,48,16.00,2,8),(795,49,16.00,2,8),(796,50,17.00,2,8),(797,51,17.00,2,8),(798,52,17.00,2,8),(799,53,18.00,2,8),(800,54,18.00,2,8),(801,55,18.00,2,8),(802,56,18.00,2,8),(803,57,19.00,2,8),(804,58,19.00,2,8),(805,59,19.00,2,8),(806,60,19.00,2,8),(807,61,20.00,2,8),(808,62,20.00,2,8),(809,63,20.00,2,8),(810,64,20.00,2,8),(811,65,21.00,2,8),(812,66,21.00,2,8),(813,67,21.00,2,8),(814,68,21.00,2,8),(815,69,21.00,2,8),(816,70,22.00,2,8),(817,71,22.00,2,8),(818,72,22.00,2,8),(819,73,22.00,2,8),(820,74,23.00,2,8),(821,75,23.00,2,8),(822,76,23.00,2,8),(823,77,23.00,2,8),(824,78,23.00,2,8),(825,79,24.00,2,8),(826,80,24.00,2,8),(827,81,24.00,2,8),(828,82,24.00,2,8),(829,83,24.00,2,8),(830,84,25.00,2,8),(831,85,25.00,2,8),(832,86,25.00,2,8),(833,87,25.00,2,8),(834,88,25.00,2,8),(835,89,26.00,2,8),(836,90,26.00,2,8),(837,91,26.00,2,8),(838,92,26.00,2,8),(839,93,26.00,2,8),(840,94,26.00,2,8),(841,95,27.00,2,8),(842,96,27.00,2,8),(843,97,27.00,2,8),(844,98,27.00,2,8),(845,99,27.00,2,8),(846,100,28.00,2,8),(847,5,0.00,2,11),(848,6,0.00,2,11),(849,7,1.00,2,11),(850,8,1.00,2,11),(851,9,2.00,2,11),(852,10,2.00,2,11),(853,11,3.00,2,11),(854,12,3.00,2,11),(855,13,4.00,2,11),(856,14,4.00,2,11),(857,15,4.00,2,11),(858,16,5.00,2,11),(859,17,5.00,2,11),(860,18,6.00,2,11),(861,19,6.00,2,11),(862,20,7.00,2,11),(863,21,7.00,2,11),(864,22,7.00,2,11),(865,23,8.00,2,11),(866,24,8.00,2,11),(867,25,9.00,2,11),(868,26,9.00,2,11),(869,27,9.00,2,11),(870,28,10.00,2,11),(871,29,10.00,2,11),(872,30,10.00,2,11),(873,31,11.00,2,11),(874,32,11.00,2,11),(875,33,11.00,2,11),(876,34,12.00,2,11),(877,35,12.00,2,11),(878,36,12.00,2,11),(879,37,13.00,2,11),(880,38,13.00,2,11),(881,39,13.00,2,11),(882,40,14.00,2,11),(883,41,14.00,2,11),(884,42,14.00,2,11),(885,43,15.00,2,11),(886,44,15.00,2,11),(887,45,15.00,2,11),(888,46,16.00,2,11),(889,47,16.00,2,11),(890,48,16.00,2,11),(891,49,16.00,2,11),(892,50,17.00,2,11),(893,51,17.00,2,11),(894,52,17.00,2,11),(895,53,18.00,2,11),(896,54,18.00,2,11),(897,55,18.00,2,11),(898,56,18.00,2,11),(899,57,19.00,2,11),(900,58,19.00,2,11),(901,59,19.00,2,11),(902,60,19.00,2,11),(903,61,20.00,2,11),(904,62,20.00,2,11),(905,63,20.00,2,11),(906,64,20.00,2,11),(907,65,21.00,2,11),(908,66,21.00,2,11),(909,67,21.00,2,11),(910,68,21.00,2,11),(911,69,21.00,2,11),(912,70,22.00,2,11),(913,71,22.00,2,11),(914,72,22.00,2,11),(915,73,22.00,2,11),(916,74,23.00,2,11),(917,75,23.00,2,11),(918,76,23.00,2,11),(919,77,23.00,2,11),(920,78,23.00,2,11),(921,79,24.00,2,11),(922,80,24.00,2,11),(923,81,24.00,2,11),(924,82,24.00,2,11),(925,83,24.00,2,11),(926,84,25.00,2,11),(927,85,25.00,2,11),(928,86,25.00,2,11),(929,87,25.00,2,11),(930,88,25.00,2,11),(931,89,26.00,2,11),(932,90,26.00,2,11),(933,91,26.00,2,11),(934,92,26.00,2,11),(935,93,26.00,2,11),(936,94,26.00,2,11),(937,95,27.00,2,11),(938,96,27.00,2,11),(939,97,27.00,2,11),(940,98,27.00,2,11),(941,99,27.00,2,11),(942,100,28.00,2,11),(943,5,0.00,2,14),(944,6,0.00,2,14),(945,7,1.00,2,14),(946,8,1.00,2,14),(947,9,2.00,2,14),(948,10,2.00,2,14),(949,11,3.00,2,14),(950,12,3.00,2,14),(951,13,4.00,2,14),(952,14,4.00,2,14),(953,15,4.00,2,14),(954,16,5.00,2,14),(955,17,5.00,2,14),(956,18,6.00,2,14),(957,19,6.00,2,14),(958,20,7.00,2,14),(959,21,7.00,2,14),(960,22,7.00,2,14),(961,23,8.00,2,14),(962,24,8.00,2,14),(963,25,9.00,2,14),(964,26,9.00,2,14),(965,27,9.00,2,14),(966,28,10.00,2,14),(967,29,10.00,2,14),(968,30,10.00,2,14),(969,31,11.00,2,14),(970,32,11.00,2,14),(971,33,11.00,2,14),(972,34,12.00,2,14),(973,35,12.00,2,14),(974,36,12.00,2,14),(975,37,13.00,2,14),(976,38,13.00,2,14),(977,39,13.00,2,14),(978,40,14.00,2,14),(979,41,14.00,2,14),(980,42,14.00,2,14),(981,43,15.00,2,14),(982,44,15.00,2,14),(983,45,15.00,2,14),(984,46,16.00,2,14),(985,47,16.00,2,14),(986,48,16.00,2,14),(987,49,16.00,2,14),(988,50,17.00,2,14),(989,51,17.00,2,14),(990,52,17.00,2,14),(991,53,18.00,2,14),(992,54,18.00,2,14),(993,55,18.00,2,14),(994,56,18.00,2,14),(995,57,19.00,2,14),(996,58,19.00,2,14),(997,59,19.00,2,14),(998,60,19.00,2,14),(999,61,20.00,2,14),(1000,62,20.00,2,14),(1001,63,20.00,2,14),(1002,64,20.00,2,14),(1003,65,21.00,2,14),(1004,66,21.00,2,14),(1005,67,21.00,2,14),(1006,68,21.00,2,14),(1007,69,21.00,2,14),(1008,70,22.00,2,14),(1009,71,22.00,2,14),(1010,72,22.00,2,14),(1011,73,22.00,2,14),(1012,74,23.00,2,14),(1013,75,23.00,2,14),(1014,76,23.00,2,14),(1015,77,23.00,2,14),(1016,78,23.00,2,14),(1017,79,24.00,2,14),(1018,80,24.00,2,14),(1019,81,24.00,2,14),(1020,82,24.00,2,14),(1021,83,24.00,2,14),(1022,84,25.00,2,14),(1023,85,25.00,2,14),(1024,86,25.00,2,14),(1025,87,25.00,2,14),(1026,88,25.00,2,14),(1027,89,26.00,2,14),(1028,90,26.00,2,14),(1029,91,26.00,2,14),(1030,92,26.00,2,14),(1031,93,26.00,2,14),(1032,94,26.00,2,14),(1033,95,27.00,2,14),(1034,96,27.00,2,14),(1035,97,27.00,2,14),(1036,98,27.00,2,14),(1037,99,27.00,2,14),(1038,100,28.00,2,14),(1039,7,0.00,3,3),(1040,8,3.00,3,3),(1041,9,6.00,3,3),(1042,10,9.00,3,3),(1043,11,12.00,3,3),(1044,12,15.00,3,3),(1045,13,18.00,3,3),(1046,14,21.00,3,3),(1047,15,24.00,3,3),(1048,16,27.00,3,3),(1049,17,30.00,3,3),(1050,18,33.00,3,3),(1051,19,36.00,3,3),(1052,20,38.00,3,3),(1053,21,41.00,3,3),(1054,22,44.00,3,3),(1055,23,47.00,3,3),(1056,24,50.00,3,3),(1057,25,53.00,3,3),(1058,26,56.00,3,3),(1059,27,59.00,3,3),(1060,28,62.00,3,3),(1061,29,65.00,3,3),(1062,30,68.00,3,3),(1063,31,71.00,3,3),(1064,32,73.00,3,3),(1065,33,76.00,3,3),(1066,34,79.00,3,3),(1067,35,82.00,3,3),(1068,36,85.00,3,3),(1069,37,88.00,3,3),(1070,38,91.00,3,3),(1071,39,94.00,3,3),(1072,40,97.00,3,3),(1073,41,100.00,3,3),(1074,42,103.00,3,3),(1075,43,105.00,3,3),(1076,44,108.00,3,3),(1077,45,111.00,3,3),(1078,46,114.00,3,3),(1079,47,117.00,3,3),(1080,48,120.00,3,3),(1081,49,123.00,3,3),(1082,50,126.00,3,3),(1083,51,129.00,3,3),(1084,52,132.00,3,3),(1085,53,134.00,3,3),(1086,54,137.00,3,3),(1087,55,40.00,3,3),(1088,56,143.00,3,3),(1089,57,146.00,3,3),(1090,58,149.00,3,3),(1091,59,152.00,3,3),(1092,60,155.00,3,3),(1093,61,58.00,3,3),(1094,62,160.00,3,3),(1095,63,163.00,3,3),(1096,64,166.00,3,3),(1097,65,169.00,3,3),(1098,66,172.00,3,3),(1099,67,175.00,3,3),(1100,68,178.00,3,3),(1101,69,181.00,3,3),(1102,70,184.00,3,3),(1103,71,186.00,3,3),(1104,72,189.00,3,3),(1105,73,192.00,3,3),(1106,74,195.00,3,3),(1107,75,198.00,3,3),(1108,76,201.00,3,3),(1109,77,204.00,3,3),(1110,78,207.00,3,3),(1111,79,210.00,3,3),(1112,80,212.00,3,3),(1113,81,215.00,3,3),(1114,82,218.00,3,3),(1115,83,221.00,3,3),(1116,84,224.00,3,3),(1117,85,227.00,3,3),(1118,86,230.00,3,3),(1119,87,233.00,3,3),(1120,88,236.00,3,3),(1121,89,238.00,3,3),(1122,90,241.00,3,3),(1123,91,244.00,3,3),(1124,92,247.00,3,3),(1125,93,250.00,3,3),(1126,94,253.00,3,3),(1127,95,256.00,3,3),(1128,96,259.00,3,3),(1129,97,261.00,3,3),(1130,98,264.00,3,3),(1131,99,267.00,3,3),(1132,100,270.00,3,3),(1133,7,0.00,3,23),(1134,8,3.60,3,23),(1135,9,7.10,3,23),(1136,10,10.60,3,23),(1137,11,14.10,3,23),(1138,12,17.70,3,23),(1139,13,21.20,3,23),(1140,14,24.70,3,23),(1141,15,28.20,3,23),(1142,16,31.80,3,23),(1143,17,35.30,3,23),(1144,18,38.80,3,23),(1145,19,42.30,3,23),(1146,20,45.90,3,23),(1147,21,49.40,3,23),(1148,22,52.90,3,23),(1149,23,56.40,3,23),(1150,24,59.90,3,23),(1151,25,63.50,3,23),(1152,26,67.00,3,23),(1153,27,70.50,3,23),(1154,28,74.00,3,23),(1155,29,77.50,3,23),(1156,30,81.00,3,23),(1157,31,84.50,3,23),(1158,32,88.10,3,23),(1159,33,91.60,3,23),(1160,34,95.10,3,23),(1161,35,98.60,3,23),(1162,36,102.10,3,23),(1163,37,105.60,3,23),(1164,38,109.10,3,23),(1165,39,112.60,3,23),(1166,40,116.10,3,23),(1167,41,119.60,3,23),(1168,42,123.10,3,23),(1169,43,126.70,3,23),(1170,44,130.20,3,23),(1171,45,133.70,3,23),(1172,46,137.20,3,23),(1173,47,140.70,3,23),(1174,48,144.20,3,23),(1175,49,147.70,3,23),(1176,50,151.20,3,23),(1177,51,154.70,3,23),(1178,52,158.20,3,23),(1179,53,161.70,3,23),(1180,54,165.20,3,23),(1181,55,168.70,3,23),(1182,56,172.20,3,23),(1183,57,175.70,3,23),(1184,58,179.10,3,23),(1185,59,182.60,3,23),(1186,60,186.10,3,23),(1187,61,189.60,3,23),(1188,62,193.10,3,23),(1189,63,196.60,3,23),(1190,64,200.10,3,23),(1191,65,203.60,3,23),(1192,66,207.10,3,23),(1193,67,210.60,3,23),(1194,68,214.10,3,23),(1195,69,217.50,3,23),(1196,70,221.00,3,23),(1197,71,224.50,3,23),(1198,72,228.00,3,23),(1199,73,231.50,3,23),(1200,74,235.00,3,23),(1201,75,238.50,3,23),(1202,76,241.90,3,23),(1203,77,245.40,3,23),(1204,78,248.90,3,23),(1205,79,252.40,3,23),(1206,80,255.90,3,23),(1207,81,259.30,3,23),(1208,82,262.80,3,23),(1209,83,266.30,3,23),(1210,84,269.80,3,23),(1211,85,273.20,3,23),(1212,86,276.70,3,23),(1213,87,280.20,3,23),(1214,88,283.70,3,23),(1215,89,287.10,3,23),(1216,90,290.60,3,23),(1217,91,294.10,3,23),(1218,92,297.60,3,23),(1219,93,401.00,3,23),(1220,94,304.50,3,23),(1221,95,308.00,3,23),(1222,96,311.40,3,23),(1223,97,314.90,3,23),(1224,98,318.40,3,23),(1225,99,321.80,3,23),(1226,100,325.30,3,23),(1227,7,0.00,3,5),(1228,8,2.00,3,5),(1229,9,4.00,3,5),(1230,10,5.00,3,5),(1231,11,7.00,3,5),(1232,12,9.00,3,5),(1233,13,10.00,3,5),(1234,14,12.00,3,5),(1235,15,14.00,3,5),(1236,16,15.00,3,5),(1237,17,17.00,3,5),(1238,18,18.00,3,5),(1239,19,20.00,3,5),(1240,20,21.00,3,5),(1241,21,23.00,3,5),(1242,22,24.00,3,5),(1243,23,26.00,3,5),(1244,24,27.00,3,5),(1245,25,28.00,3,5),(1246,26,30.00,3,5),(1247,27,31.00,3,5),(1248,28,32.00,3,5),(1249,29,34.00,3,5),(1250,30,35.00,3,5),(1251,31,36.00,3,5),(1252,32,37.00,3,5),(1253,33,39.00,3,5),(1254,34,40.00,3,5),(1255,35,41.00,3,5),(1256,36,42.00,3,5),(1257,37,44.00,3,5),(1258,38,45.00,3,5),(1259,39,46.00,3,5),(1260,40,47.00,3,5),(1261,41,48.00,3,5),(1262,42,49.00,3,5),(1263,43,50.00,3,5),(1264,44,51.00,3,5),(1265,45,52.00,3,5),(1266,46,53.00,3,5),(1267,47,54.00,3,5),(1268,48,56.00,3,5),(1269,49,57.00,3,5),(1270,50,58.00,3,5),(1271,51,59.00,3,5),(1272,52,59.00,3,5),(1273,53,60.00,3,5),(1274,54,61.00,3,5),(1275,55,62.00,3,5),(1276,56,63.00,3,5),(1277,57,64.00,3,5),(1278,58,65.00,3,5),(1279,59,66.00,3,5),(1280,60,67.00,3,5),(1281,61,68.00,3,5),(1282,62,69.00,3,5),(1283,63,70.00,3,5),(1284,64,70.00,3,5),(1285,65,71.00,3,5),(1286,66,72.00,3,5),(1287,67,73.00,3,5),(1288,68,74.00,3,5),(1289,69,75.00,3,5),(1290,70,75.00,3,5),(1291,71,76.00,3,5),(1292,72,77.00,3,5),(1293,73,78.00,3,5),(1294,74,78.00,3,5),(1295,75,79.00,3,5),(1296,76,80.00,3,5),(1297,77,81.00,3,5),(1298,78,81.00,3,5),(1299,79,82.00,3,5),(1300,80,83.00,3,5),(1301,81,84.00,3,5),(1302,82,84.00,3,5),(1303,83,85.00,3,5),(1304,84,86.00,3,5),(1305,85,86.00,3,5),(1306,86,87.00,3,5),(1307,87,88.00,3,5),(1308,88,88.00,3,5),(1309,89,89.00,3,5),(1310,90,90.00,3,5),(1311,91,90.00,3,5),(1312,92,91.00,3,5),(1313,93,92.00,3,5),(1314,94,92.00,3,5),(1315,95,93.00,3,5),(1316,96,94.00,3,5),(1317,97,94.00,3,5),(1318,98,95.00,3,5),(1319,99,95.00,3,5),(1320,100,96.00,3,5),(1321,7,0.00,3,8),(1322,8,1.00,3,8),(1323,9,2.00,3,8),(1324,10,3.00,3,8),(1325,11,4.00,3,8),(1326,12,5.00,3,8),(1327,13,6.00,3,8),(1328,14,7.00,3,8),(1329,15,8.00,3,8),(1330,16,9.00,3,8),(1331,17,10.00,3,8),(1332,18,11.00,3,8),(1333,19,11.00,3,8),(1334,20,12.00,3,8),(1335,21,13.00,3,8),(1336,22,14.00,3,8),(1337,23,15.00,3,8),(1338,24,15.00,3,8),(1339,25,16.00,3,8),(1340,26,17.00,3,8),(1341,27,18.00,3,8),(1342,28,18.00,3,8),(1343,29,19.00,3,8),(1344,30,20.00,3,8),(1345,31,21.00,3,8),(1346,32,21.00,3,8),(1347,33,22.00,3,8),(1348,34,23.00,3,8),(1349,35,23.00,3,8),(1350,36,24.00,3,8),(1351,37,25.00,3,8),(1352,38,25.00,3,8),(1353,39,26.00,3,8),(1354,40,27.00,3,8),(1355,41,27.00,3,8),(1356,42,28.00,3,8),(1357,43,28.00,3,8),(1358,44,29.00,3,8),(1359,45,30.00,3,8),(1360,46,30.00,3,8),(1361,47,31.00,3,8),(1362,48,31.00,3,8),(1363,49,32.00,3,8),(1364,50,32.00,3,8),(1365,51,33.00,3,8),(1366,52,34.00,3,8),(1367,53,34.00,3,8),(1368,54,35.00,3,8),(1369,55,35.00,3,8),(1370,56,36.00,3,8),(1371,57,36.00,3,8),(1372,58,37.00,3,8),(1373,59,37.00,3,8),(1374,60,38.00,3,8),(1375,61,38.00,3,8),(1376,62,39.00,3,8),(1377,63,39.00,3,8),(1378,64,40.00,3,8),(1379,65,40.00,3,8),(1380,66,41.00,3,8),(1381,67,41.00,3,8),(1382,68,42.00,3,8),(1383,69,42.00,3,8),(1384,70,42.00,3,8),(1385,71,43.00,3,8),(1386,72,43.00,3,8),(1387,73,44.00,3,8),(1388,74,44.00,3,8),(1389,75,45.00,3,8),(1390,76,45.00,3,8),(1391,77,45.00,3,8),(1392,78,46.00,3,8),(1393,79,46.00,3,8),(1394,80,47.00,3,8),(1395,81,47.00,3,8),(1396,82,47.00,3,8),(1397,83,48.00,3,8),(1398,84,48.00,3,8),(1399,85,49.00,3,8),(1400,86,49.00,3,8),(1401,87,49.00,3,8),(1402,88,50.00,3,8),(1403,89,50.00,3,8),(1404,90,51.00,3,8),(1405,91,51.00,3,8),(1406,92,51.00,3,8),(1407,93,52.00,3,8),(1408,94,52.00,3,8),(1409,95,52.00,3,8),(1410,96,53.00,3,8),(1411,97,53.00,3,8),(1412,98,53.00,3,8),(1413,99,54.00,3,8),(1414,100,54.00,3,8),(1415,7,0.00,3,11),(1416,8,1.00,3,11),(1417,9,2.00,3,11),(1418,10,3.00,3,11),(1419,11,4.00,3,11),(1420,12,5.00,3,11),(1421,13,6.00,3,11),(1422,14,7.00,3,11),(1423,15,8.00,3,11),(1424,16,9.00,3,11),(1425,17,10.00,3,11),(1426,18,11.00,3,11),(1427,19,11.00,3,11),(1428,20,12.00,3,11),(1429,21,13.00,3,11),(1430,22,14.00,3,11),(1431,23,15.00,3,11),(1432,24,15.00,3,11),(1433,25,16.00,3,11),(1434,26,17.00,3,11),(1435,27,18.00,3,11),(1436,28,18.00,3,11),(1437,29,19.00,3,11),(1438,30,20.00,3,11),(1439,31,21.00,3,11),(1440,32,21.00,3,11),(1441,33,22.00,3,11),(1442,34,23.00,3,11),(1443,35,23.00,3,11),(1444,36,24.00,3,11),(1445,37,25.00,3,11),(1446,38,25.00,3,11),(1447,39,26.00,3,11),(1448,40,27.00,3,11),(1449,41,27.00,3,11),(1450,42,28.00,3,11),(1451,43,28.00,3,11),(1452,44,29.00,3,11),(1453,45,30.00,3,11),(1454,46,30.00,3,11),(1455,47,31.00,3,11),(1456,48,31.00,3,11),(1457,49,32.00,3,11),(1458,50,32.00,3,11),(1459,51,33.00,3,11),(1460,52,34.00,3,11),(1461,53,34.00,3,11),(1462,54,35.00,3,11),(1463,55,35.00,3,11),(1464,56,36.00,3,11),(1465,57,36.00,3,11),(1466,58,37.00,3,11),(1467,59,37.00,3,11),(1468,60,38.00,3,11),(1469,61,38.00,3,11),(1470,62,39.00,3,11),(1471,63,39.00,3,11),(1472,64,40.00,3,11),(1473,65,40.00,3,11),(1474,66,41.00,3,11),(1475,67,41.00,3,11),(1476,68,42.00,3,11),(1477,69,42.00,3,11),(1478,70,42.00,3,11),(1479,71,43.00,3,11),(1480,72,43.00,3,11),(1481,73,44.00,3,11),(1482,74,44.00,3,11),(1483,75,45.00,3,11),(1484,76,45.00,3,11),(1485,77,45.00,3,11),(1486,78,46.00,3,11),(1487,79,46.00,3,11),(1488,80,47.00,3,11),(1489,81,47.00,3,11),(1490,82,47.00,3,11),(1491,83,48.00,3,11),(1492,84,48.00,3,11),(1493,85,49.00,3,11),(1494,86,49.00,3,11),(1495,87,49.00,3,11),(1496,88,50.00,3,11),(1497,89,50.00,3,11),(1498,90,51.00,3,11),(1499,91,51.00,3,11),(1500,92,51.00,3,11),(1501,93,52.00,3,11),(1502,94,52.00,3,11),(1503,95,52.00,3,11),(1504,96,53.00,3,11),(1505,97,53.00,3,11),(1506,98,53.00,3,11),(1507,99,54.00,3,11),(1508,100,54.00,3,11),(1509,7,0.00,3,14),(1510,8,1.00,3,14),(1511,9,2.00,3,14),(1512,10,3.00,3,14),(1513,11,4.00,3,14),(1514,12,5.00,3,14),(1515,13,6.00,3,14),(1516,14,7.00,3,14),(1517,15,8.00,3,14),(1518,16,9.00,3,14),(1519,17,10.00,3,14),(1520,18,11.00,3,14),(1521,19,11.00,3,14),(1522,20,12.00,3,14),(1523,21,13.00,3,14),(1524,22,14.00,3,14),(1525,23,15.00,3,14),(1526,24,15.00,3,14),(1527,25,16.00,3,14),(1528,26,17.00,3,14),(1529,27,18.00,3,14),(1530,28,18.00,3,14),(1531,29,19.00,3,14),(1532,30,20.00,3,14),(1533,31,21.00,3,14),(1534,32,21.00,3,14),(1535,33,22.00,3,14),(1536,34,23.00,3,14),(1537,35,23.00,3,14),(1538,36,24.00,3,14),(1539,37,25.00,3,14),(1540,38,25.00,3,14),(1541,39,26.00,3,14),(1542,40,27.00,3,14),(1543,41,27.00,3,14),(1544,42,28.00,3,14),(1545,43,28.00,3,14),(1546,44,29.00,3,14),(1547,45,30.00,3,14),(1548,46,30.00,3,14),(1549,47,31.00,3,14),(1550,48,31.00,3,14),(1551,49,32.00,3,14),(1552,50,32.00,3,14),(1553,51,33.00,3,14),(1554,52,34.00,3,14),(1555,53,34.00,3,14),(1556,54,35.00,3,14),(1557,55,35.00,3,14),(1558,56,36.00,3,14),(1559,57,36.00,3,14),(1560,58,37.00,3,14),(1561,59,37.00,3,14),(1562,60,38.00,3,14),(1563,61,38.00,3,14),(1564,62,39.00,3,14),(1565,63,39.00,3,14),(1566,64,40.00,3,14),(1567,65,40.00,3,14),(1568,66,41.00,3,14),(1569,67,41.00,3,14),(1570,68,42.00,3,14),(1571,69,42.00,3,14),(1572,70,42.00,3,14),(1573,71,43.00,3,14),(1574,72,43.00,3,14),(1575,73,44.00,3,14),(1576,74,44.00,3,14),(1577,75,45.00,3,14),(1578,76,45.00,3,14),(1579,77,45.00,3,14),(1580,78,46.00,3,14),(1581,79,46.00,3,14),(1582,80,47.00,3,14),(1583,81,47.00,3,14),(1584,82,47.00,3,14),(1585,83,48.00,3,14),(1586,84,48.00,3,14),(1587,85,49.00,3,14),(1588,86,49.00,3,14),(1589,87,49.00,3,14),(1590,88,50.00,3,14),(1591,89,50.00,3,14),(1592,90,51.00,3,14),(1593,91,51.00,3,14),(1594,92,51.00,3,14),(1595,93,52.00,3,14),(1596,94,52.00,3,14),(1597,95,52.00,3,14),(1598,96,53.00,3,14),(1599,97,53.00,3,14),(1600,98,53.00,3,14),(1601,99,54.00,3,14),(1602,100,54.00,3,14),(1603,5,0.00,4,5),(1604,6,1.00,4,5),(1605,7,3.00,4,5),(1606,8,5.00,4,5),(1607,9,7.00,4,5),(1608,10,8.00,4,5),(1609,11,10.00,4,5),(1610,12,12.00,4,5),(1611,13,13.00,4,5),(1612,14,15.00,4,5),(1613,15,17.00,4,5),(1614,16,18.00,4,5),(1615,17,20.00,4,5),(1616,18,21.00,4,5),(1617,19,23.00,4,5),(1618,20,24.00,4,5),(1619,21,26.00,4,5),(1620,22,27.00,4,5),(1621,23,29.00,4,5),(1622,24,30.00,4,5),(1623,25,31.00,4,5),(1624,26,33.00,4,5),(1625,27,34.00,4,5),(1626,28,35.00,4,5),(1627,29,37.00,4,5),(1628,30,38.00,4,5),(1629,31,39.00,4,5),(1630,32,40.00,4,5),(1631,33,42.00,4,5),(1632,34,43.00,4,5),(1633,35,44.00,4,5),(1634,36,45.00,4,5),(1635,37,47.00,4,5),(1636,38,48.00,4,5),(1637,39,49.00,4,5),(1638,40,50.00,4,5),(1639,41,51.00,4,5),(1640,42,52.00,4,5),(1641,43,53.00,4,5),(1642,44,54.00,4,5),(1643,45,55.00,4,5),(1644,46,56.00,4,5),(1645,47,57.00,4,5),(1646,48,59.00,4,5),(1647,49,60.00,4,5),(1648,50,61.00,4,5),(1649,51,62.00,4,5),(1650,52,62.00,4,5),(1651,53,63.00,4,5),(1652,54,64.00,4,5),(1653,55,65.00,4,5),(1654,56,66.00,4,5),(1655,57,67.00,4,5),(1656,58,68.00,4,5),(1657,59,69.00,4,5),(1658,60,70.00,4,5),(1659,61,71.00,4,5),(1660,62,72.00,4,5),(1661,63,73.00,4,5),(1662,64,73.00,4,5),(1663,65,74.00,4,5),(1664,66,74.00,4,5),(1665,67,76.00,4,5),(1666,68,77.00,4,5),(1667,69,78.00,4,5),(1668,70,78.00,4,5),(1669,71,79.00,4,5),(1670,72,80.00,4,5),(1671,73,81.00,4,5),(1672,74,81.00,4,5),(1673,75,82.00,4,5),(1674,76,83.00,4,5),(1675,77,84.00,4,5),(1676,78,84.00,4,5),(1677,79,85.00,4,5),(1678,80,86.00,4,5),(1679,81,87.00,4,5),(1680,82,87.00,4,5),(1681,83,88.00,4,5),(1682,84,89.00,4,5),(1683,85,89.00,4,5),(1684,86,90.00,4,5),(1685,87,91.00,4,5),(1686,88,91.00,4,5),(1687,89,92.00,4,5),(1688,90,93.00,4,5),(1689,91,93.00,4,5),(1690,92,94.00,4,5),(1691,93,95.00,4,5),(1692,94,95.00,4,5),(1693,95,96.00,4,5),(1694,96,97.00,4,5),(1695,97,97.00,4,5),(1696,98,98.00,4,5),(1697,99,98.00,4,5),(1698,100,99.00,4,5),(1699,5,0.00,4,8),(1700,6,1.00,4,8),(1701,7,2.00,4,8),(1702,8,3.00,4,8),(1703,9,4.00,4,8),(1704,10,5.00,4,8),(1705,11,6.00,4,8),(1706,12,7.00,4,8),(1707,13,8.00,4,8),(1708,14,9.00,4,8),(1709,15,10.00,4,8),(1710,16,11.00,4,8),(1711,17,12.00,4,8),(1712,18,13.00,4,8),(1713,19,13.00,4,8),(1714,20,14.00,4,8),(1715,21,15.00,4,8),(1716,22,16.00,4,8),(1717,23,17.00,4,8),(1718,24,17.00,4,8),(1719,25,18.00,4,8),(1720,26,19.00,4,8),(1721,27,20.00,4,8),(1722,28,20.00,4,8),(1723,29,21.00,4,8),(1724,30,22.00,4,8),(1725,31,23.00,4,8),(1726,32,23.00,4,8),(1727,33,24.00,4,8),(1728,34,25.00,4,8),(1729,35,25.00,4,8),(1730,36,26.00,4,8),(1731,37,27.00,4,8),(1732,38,27.00,4,8),(1733,39,28.00,4,8),(1734,40,29.00,4,8),(1735,41,29.00,4,8),(1736,42,30.00,4,8),(1737,43,30.00,4,8),(1738,44,31.00,4,8),(1739,45,32.00,4,8),(1740,46,32.00,4,8),(1741,47,33.00,4,8),(1742,48,33.00,4,8),(1743,49,34.00,4,8),(1744,50,34.00,4,8),(1745,51,35.00,4,8),(1746,52,36.00,4,8),(1747,53,36.00,4,8),(1748,54,37.00,4,8),(1749,55,37.00,4,8),(1750,56,38.00,4,8),(1751,57,38.00,4,8),(1752,58,39.00,4,8),(1753,59,39.00,4,8),(1754,60,40.00,4,8),(1755,61,40.00,4,8),(1756,62,41.00,4,8),(1757,63,41.00,4,8),(1758,64,42.00,4,8),(1759,65,42.00,4,8),(1760,66,43.00,4,8),(1761,67,43.00,4,8),(1762,68,44.00,4,8),(1763,69,44.00,4,8),(1764,70,44.00,4,8),(1765,71,45.00,4,8),(1766,72,45.00,4,8),(1767,73,46.00,4,8),(1768,74,46.00,4,8),(1769,75,47.00,4,8),(1770,76,47.00,4,8),(1771,77,47.00,4,8),(1772,78,48.00,4,8),(1773,79,48.00,4,8),(1774,80,49.00,4,8),(1775,81,49.00,4,8),(1776,82,49.00,4,8),(1777,83,50.00,4,8),(1778,84,50.00,4,8),(1779,85,51.00,4,8),(1780,86,51.00,4,8),(1781,87,51.00,4,8),(1782,88,52.00,4,8),(1783,89,52.00,4,8),(1784,90,53.00,4,8),(1785,91,53.00,4,8),(1786,92,53.00,4,8),(1787,93,54.00,4,8),(1788,94,54.00,4,8),(1789,95,54.00,4,8),(1790,96,55.00,4,8),(1791,97,55.00,4,8),(1792,98,55.00,4,8),(1793,99,56.00,4,8),(1794,100,56.00,4,8),(1795,5,0.00,4,11),(1796,6,1.00,4,11),(1797,7,2.00,4,11),(1798,8,3.00,4,11),(1799,9,4.00,4,11),(1800,10,5.00,4,11),(1801,11,6.00,4,11),(1802,12,7.00,4,11),(1803,13,8.00,4,11),(1804,14,9.00,4,11),(1805,15,10.00,4,11),(1806,16,11.00,4,11),(1807,17,12.00,4,11),(1808,18,13.00,4,11),(1809,19,13.00,4,11),(1810,20,14.00,4,11),(1811,21,15.00,4,11),(1812,22,16.00,4,11),(1813,23,17.00,4,11),(1814,24,17.00,4,11),(1815,25,18.00,4,11),(1816,26,19.00,4,11),(1817,27,20.00,4,11),(1818,28,20.00,4,11),(1819,29,21.00,4,11),(1820,30,22.00,4,11),(1821,31,23.00,4,11),(1822,32,23.00,4,11),(1823,33,24.00,4,11),(1824,34,25.00,4,11),(1825,35,25.00,4,11),(1826,36,26.00,4,11),(1827,37,27.00,4,11),(1828,38,27.00,4,11),(1829,39,28.00,4,11),(1830,40,29.00,4,11),(1831,41,29.00,4,11),(1832,42,30.00,4,11),(1833,43,30.00,4,11),(1834,44,31.00,4,11),(1835,45,32.00,4,11),(1836,46,32.00,4,11),(1837,47,33.00,4,11),(1838,48,33.00,4,11),(1839,49,34.00,4,11),(1840,50,34.00,4,11),(1841,51,35.00,4,11),(1842,52,36.00,4,11),(1843,53,36.00,4,11),(1844,54,37.00,4,11),(1845,55,37.00,4,11),(1846,56,38.00,4,11),(1847,57,38.00,4,11),(1848,58,39.00,4,11),(1849,59,39.00,4,11),(1850,60,40.00,4,11),(1851,61,40.00,4,11),(1852,62,41.00,4,11),(1853,63,41.00,4,11),(1854,64,42.00,4,11),(1855,65,42.00,4,11),(1856,66,43.00,4,11),(1857,67,43.00,4,11),(1858,68,44.00,4,11),(1859,69,44.00,4,11),(1860,70,44.00,4,11),(1861,71,45.00,4,11),(1862,72,45.00,4,11),(1863,73,46.00,4,11),(1864,74,46.00,4,11),(1865,75,47.00,4,11),(1866,76,47.00,4,11),(1867,77,47.00,4,11),(1868,78,48.00,4,11),(1869,79,48.00,4,11),(1870,80,49.00,4,11),(1871,81,49.00,4,11),(1872,82,49.00,4,11),(1873,83,50.00,4,11),(1874,84,50.00,4,11),(1875,85,51.00,4,11),(1876,86,51.00,4,11),(1877,87,51.00,4,11),(1878,88,52.00,4,11),(1879,89,52.00,4,11),(1880,90,53.00,4,11),(1881,91,53.00,4,11),(1882,92,53.00,4,11),(1883,93,54.00,4,11),(1884,94,54.00,4,11),(1885,95,54.00,4,11),(1886,96,55.00,4,11),(1887,97,55.00,4,11),(1888,98,55.00,4,11),(1889,99,56.00,4,11),(1890,100,56.00,4,11),(1891,5,0.00,4,14),(1892,6,1.00,4,14),(1893,7,2.00,4,14),(1894,8,3.00,4,14),(1895,9,4.00,4,14),(1896,10,5.00,4,14),(1897,11,6.00,4,14),(1898,12,7.00,4,14),(1899,13,8.00,4,14),(1900,14,9.00,4,14),(1901,15,10.00,4,14),(1902,16,11.00,4,14),(1903,17,12.00,4,14),(1904,18,13.00,4,14),(1905,19,13.00,4,14),(1906,20,14.00,4,14),(1907,21,15.00,4,14),(1908,22,16.00,4,14),(1909,23,17.00,4,14),(1910,24,17.00,4,14),(1911,25,18.00,4,14),(1912,26,19.00,4,14),(1913,27,20.00,4,14),(1914,28,20.00,4,14),(1915,29,21.00,4,14),(1916,30,22.00,4,14),(1917,31,23.00,4,14),(1918,32,23.00,4,14),(1919,33,24.00,4,14),(1920,34,25.00,4,14),(1921,35,25.00,4,14),(1922,36,26.00,4,14),(1923,37,27.00,4,14),(1924,38,27.00,4,14),(1925,39,28.00,4,14),(1926,40,29.00,4,14),(1927,41,29.00,4,14),(1928,42,30.00,4,14),(1929,43,30.00,4,14),(1930,44,31.00,4,14),(1931,45,32.00,4,14),(1932,46,32.00,4,14),(1933,47,33.00,4,14),(1934,48,33.00,4,14),(1935,49,34.00,4,14),(1936,50,34.00,4,14),(1937,51,35.00,4,14),(1938,52,36.00,4,14),(1939,53,36.00,4,14),(1940,54,37.00,4,14),(1941,55,37.00,4,14),(1942,56,38.00,4,14),(1943,57,38.00,4,14),(1944,58,39.00,4,14),(1945,59,39.00,4,14),(1946,60,40.00,4,14),(1947,61,40.00,4,14),(1948,62,41.00,4,14),(1949,63,41.00,4,14),(1950,64,42.00,4,14),(1951,65,42.00,4,14),(1952,66,43.00,4,14),(1953,67,43.00,4,14),(1954,68,44.00,4,14),(1955,69,44.00,4,14),(1956,70,44.00,4,14),(1957,71,45.00,4,14),(1958,72,45.00,4,14),(1959,73,46.00,4,14),(1960,74,46.00,4,14),(1961,75,47.00,4,14),(1962,76,47.00,4,14),(1963,77,47.00,4,14),(1964,78,48.00,4,14),(1965,79,48.00,4,14),(1966,80,49.00,4,14),(1967,81,49.00,4,14),(1968,82,49.00,4,14),(1969,83,50.00,4,14),(1970,84,50.00,4,14),(1971,85,51.00,4,14),(1972,86,51.00,4,14),(1973,87,51.00,4,14),(1974,88,52.00,4,14),(1975,89,52.00,4,14),(1976,90,53.00,4,14),(1977,91,53.00,4,14),(1978,92,53.00,4,14),(1979,93,54.00,4,14),(1980,94,54.00,4,14),(1981,95,54.00,4,14),(1982,96,55.00,4,14),(1983,97,55.00,4,14),(1984,98,55.00,4,14),(1985,99,56.00,4,14),(1986,100,56.00,4,14),(1987,5,0.00,5,5),(1988,6,1.00,5,5),(1989,7,3.00,5,5),(1990,8,5.00,5,5),(1991,9,7.00,5,5),(1992,10,8.00,5,5),(1993,11,10.00,5,5),(1994,12,12.00,5,5),(1995,13,13.00,5,5),(1996,14,15.00,5,5),(1997,15,17.00,5,5),(1998,16,18.00,5,5),(1999,17,20.00,5,5),(2000,18,21.00,5,5),(2001,19,23.00,5,5),(2002,20,24.00,5,5),(2003,21,26.00,5,5),(2004,22,27.00,5,5),(2005,23,29.00,5,5),(2006,24,30.00,5,5),(2007,25,31.00,5,5),(2008,26,33.00,5,5),(2009,27,34.00,5,5),(2010,28,35.00,5,5),(2011,29,37.00,5,5),(2012,30,38.00,5,5),(2013,31,39.00,5,5),(2014,32,40.00,5,5),(2015,33,42.00,5,5),(2016,34,43.00,5,5),(2017,35,44.00,5,5),(2018,36,45.00,5,5),(2019,37,47.00,5,5),(2020,38,48.00,5,5),(2021,39,49.00,5,5),(2022,40,50.00,5,5),(2023,41,51.00,5,5),(2024,42,52.00,5,5),(2025,43,53.00,5,5),(2026,44,54.00,5,5),(2027,45,55.00,5,5),(2028,46,56.00,5,5),(2029,47,57.00,5,5),(2030,48,59.00,5,5),(2031,49,60.00,5,5),(2032,50,61.00,5,5),(2033,51,62.00,5,5),(2034,52,62.00,5,5),(2035,53,63.00,5,5),(2036,54,64.00,5,5),(2037,55,65.00,5,5),(2038,56,66.00,5,5),(2039,57,67.00,5,5),(2040,58,68.00,5,5),(2041,59,69.00,5,5),(2042,60,70.00,5,5),(2043,61,71.00,5,5),(2044,62,72.00,5,5),(2045,63,73.00,5,5),(2046,64,73.00,5,5),(2047,65,74.00,5,5),(2048,66,74.00,5,5),(2049,67,76.00,5,5),(2050,68,77.00,5,5),(2051,69,78.00,5,5),(2052,70,78.00,5,5),(2053,71,79.00,5,5),(2054,72,80.00,5,5),(2055,73,81.00,5,5),(2056,74,81.00,5,5),(2057,75,82.00,5,5),(2058,76,83.00,5,5),(2059,77,84.00,5,5),(2060,78,84.00,5,5),(2061,79,85.00,5,5),(2062,80,86.00,5,5),(2063,81,87.00,5,5),(2064,82,87.00,5,5),(2065,83,88.00,5,5),(2066,84,89.00,5,5),(2067,85,89.00,5,5),(2068,86,90.00,5,5),(2069,87,91.00,5,5),(2070,88,91.00,5,5),(2071,89,92.00,5,5),(2072,90,93.00,5,5),(2073,91,93.00,5,5),(2074,92,94.00,5,5),(2075,93,95.00,5,5),(2076,94,95.00,5,5),(2077,95,96.00,5,5),(2078,96,97.00,5,5),(2079,97,97.00,5,5),(2080,98,98.00,5,5),(2081,99,98.00,5,5),(2082,100,99.00,5,5),(2083,5,0.00,5,8),(2084,6,1.00,5,8),(2085,7,2.00,5,8),(2086,8,3.00,5,8),(2087,9,4.00,5,8),(2088,10,5.00,5,8),(2089,11,6.00,5,8),(2090,12,7.00,5,8),(2091,13,8.00,5,8),(2092,14,9.00,5,8),(2093,15,10.00,5,8),(2094,16,11.00,5,8),(2095,17,12.00,5,8),(2096,18,13.00,5,8),(2097,19,13.00,5,8),(2098,20,14.00,5,8),(2099,21,15.00,5,8),(2100,22,16.00,5,8),(2101,23,17.00,5,8),(2102,24,17.00,5,8),(2103,25,18.00,5,8),(2104,26,19.00,5,8),(2105,27,20.00,5,8),(2106,28,20.00,5,8),(2107,29,21.00,5,8),(2108,30,22.00,5,8),(2109,31,23.00,5,8),(2110,32,23.00,5,8),(2111,33,24.00,5,8),(2112,34,25.00,5,8),(2113,35,25.00,5,8),(2114,36,26.00,5,8),(2115,37,27.00,5,8),(2116,38,27.00,5,8),(2117,39,28.00,5,8),(2118,40,29.00,5,8),(2119,41,29.00,5,8),(2120,42,30.00,5,8),(2121,43,30.00,5,8),(2122,44,31.00,5,8),(2123,45,32.00,5,8),(2124,46,32.00,5,8),(2125,47,33.00,5,8),(2126,48,33.00,5,8),(2127,49,34.00,5,8),(2128,50,34.00,5,8),(2129,51,35.00,5,8),(2130,52,36.00,5,8),(2131,53,36.00,5,8),(2132,54,37.00,5,8),(2133,55,37.00,5,8),(2134,56,38.00,5,8),(2135,57,38.00,5,8),(2136,58,39.00,5,8),(2137,59,39.00,5,8),(2138,60,40.00,5,8),(2139,61,40.00,5,8),(2140,62,41.00,5,8),(2141,63,41.00,5,8),(2142,64,42.00,5,8),(2143,65,42.00,5,8),(2144,66,43.00,5,8),(2145,67,43.00,5,8),(2146,68,44.00,5,8),(2147,69,44.00,5,8),(2148,70,44.00,5,8),(2149,71,45.00,5,8),(2150,72,45.00,5,8),(2151,73,46.00,5,8),(2152,74,46.00,5,8),(2153,75,47.00,5,8),(2154,76,47.00,5,8),(2155,77,47.00,5,8),(2156,78,48.00,5,8),(2157,79,48.00,5,8),(2158,80,49.00,5,8),(2159,81,49.00,5,8),(2160,82,49.00,5,8),(2161,83,50.00,5,8),(2162,84,50.00,5,8),(2163,85,51.00,5,8),(2164,86,51.00,5,8),(2165,87,51.00,5,8),(2166,88,52.00,5,8),(2167,89,52.00,5,8),(2168,90,53.00,5,8),(2169,91,53.00,5,8),(2170,92,53.00,5,8),(2171,93,54.00,5,8),(2172,94,54.00,5,8),(2173,95,54.00,5,8),(2174,96,55.00,5,8),(2175,97,55.00,5,8),(2176,98,55.00,5,8),(2177,99,56.00,5,8),(2178,100,56.00,5,8),(2179,5,0.00,5,11),(2180,6,1.00,5,11),(2181,7,2.00,5,11),(2182,8,3.00,5,11),(2183,9,4.00,5,11),(2184,10,5.00,5,11),(2185,11,6.00,5,11),(2186,12,7.00,5,11),(2187,13,8.00,5,11),(2188,14,9.00,5,11),(2189,15,10.00,5,11),(2190,16,11.00,5,11),(2191,17,12.00,5,11),(2192,18,13.00,5,11),(2193,19,13.00,5,11),(2194,20,14.00,5,11),(2195,21,15.00,5,11),(2196,22,16.00,5,11),(2197,23,17.00,5,11),(2198,24,17.00,5,11),(2199,25,18.00,5,11),(2200,26,19.00,5,11),(2201,27,20.00,5,11),(2202,28,20.00,5,11),(2203,29,21.00,5,11),(2204,30,22.00,5,11),(2205,31,23.00,5,11),(2206,32,23.00,5,11),(2207,33,24.00,5,11),(2208,34,25.00,5,11),(2209,35,25.00,5,11),(2210,36,26.00,5,11),(2211,37,27.00,5,11),(2212,38,27.00,5,11),(2213,39,28.00,5,11),(2214,40,29.00,5,11),(2215,41,29.00,5,11),(2216,42,30.00,5,11),(2217,43,30.00,5,11),(2218,44,31.00,5,11),(2219,45,32.00,5,11),(2220,46,32.00,5,11),(2221,47,33.00,5,11),(2222,48,33.00,5,11),(2223,49,34.00,5,11),(2224,50,34.00,5,11),(2225,51,35.00,5,11),(2226,52,36.00,5,11),(2227,53,36.00,5,11),(2228,54,37.00,5,11),(2229,55,37.00,5,11),(2230,56,38.00,5,11),(2231,57,38.00,5,11),(2232,58,39.00,5,11),(2233,59,39.00,5,11),(2234,60,40.00,5,11),(2235,61,40.00,5,11),(2236,62,41.00,5,11),(2237,63,41.00,5,11),(2238,64,42.00,5,11),(2239,65,42.00,5,11),(2240,66,43.00,5,11),(2241,67,43.00,5,11),(2242,68,44.00,5,11),(2243,69,44.00,5,11),(2244,70,44.00,5,11),(2245,71,45.00,5,11),(2246,72,45.00,5,11),(2247,73,46.00,5,11),(2248,74,46.00,5,11),(2249,75,47.00,5,11),(2250,76,47.00,5,11),(2251,77,47.00,5,11),(2252,78,48.00,5,11),(2253,79,48.00,5,11),(2254,80,49.00,5,11),(2255,81,49.00,5,11),(2256,82,49.00,5,11),(2257,83,50.00,5,11),(2258,84,50.00,5,11),(2259,85,51.00,5,11),(2260,86,51.00,5,11),(2261,87,51.00,5,11),(2262,88,52.00,5,11),(2263,89,52.00,5,11),(2264,90,53.00,5,11),(2265,91,53.00,5,11),(2266,92,53.00,5,11),(2267,93,54.00,5,11),(2268,94,54.00,5,11),(2269,95,54.00,5,11),(2270,96,55.00,5,11),(2271,97,55.00,5,11),(2272,98,55.00,5,11),(2273,99,56.00,5,11),(2274,100,56.00,5,11),(2275,5,0.00,5,14),(2276,6,1.00,5,14),(2277,7,2.00,5,14),(2278,8,3.00,5,14),(2279,9,4.00,5,14),(2280,10,5.00,5,14),(2281,11,6.00,5,14),(2282,12,7.00,5,14),(2283,13,8.00,5,14),(2284,14,9.00,5,14),(2285,15,10.00,5,14),(2286,16,11.00,5,14),(2287,17,12.00,5,14),(2288,18,13.00,5,14),(2289,19,13.00,5,14),(2290,20,14.00,5,14),(2291,21,15.00,5,14),(2292,22,16.00,5,14),(2293,23,17.00,5,14),(2294,24,17.00,5,14),(2295,25,18.00,5,14),(2296,26,19.00,5,14),(2297,27,20.00,5,14),(2298,28,20.00,5,14),(2299,29,21.00,5,14),(2300,30,22.00,5,14),(2301,31,23.00,5,14),(2302,32,23.00,5,14),(2303,33,24.00,5,14),(2304,34,25.00,5,14),(2305,35,25.00,5,14),(2306,36,26.00,5,14),(2307,37,27.00,5,14),(2308,38,27.00,5,14),(2309,39,28.00,5,14),(2310,40,29.00,5,14),(2311,41,29.00,5,14),(2312,42,30.00,5,14),(2313,43,30.00,5,14),(2314,44,31.00,5,14),(2315,45,32.00,5,14),(2316,46,32.00,5,14),(2317,47,33.00,5,14),(2318,48,33.00,5,14),(2319,49,34.00,5,14),(2320,50,34.00,5,14),(2321,51,35.00,5,14),(2322,52,36.00,5,14),(2323,53,36.00,5,14),(2324,54,37.00,5,14),(2325,55,37.00,5,14),(2326,56,38.00,5,14),(2327,57,38.00,5,14),(2328,58,39.00,5,14),(2329,59,39.00,5,14),(2330,60,40.00,5,14),(2331,61,40.00,5,14),(2332,62,41.00,5,14),(2333,63,41.00,5,14),(2334,64,42.00,5,14),(2335,65,42.00,5,14),(2336,66,43.00,5,14),(2337,67,43.00,5,14),(2338,68,44.00,5,14),(2339,69,44.00,5,14),(2340,70,44.00,5,14),(2341,71,45.00,5,14),(2342,72,45.00,5,14),(2343,73,46.00,5,14),(2344,74,46.00,5,14),(2345,75,47.00,5,14),(2346,76,47.00,5,14),(2347,77,47.00,5,14),(2348,78,48.00,5,14),(2349,79,48.00,5,14),(2350,80,49.00,5,14),(2351,81,49.00,5,14),(2352,82,49.00,5,14),(2353,83,50.00,5,14),(2354,84,50.00,5,14),(2355,85,51.00,5,14),(2356,86,51.00,5,14),(2357,87,51.00,5,14),(2358,88,52.00,5,14),(2359,89,52.00,5,14),(2360,90,53.00,5,14),(2361,91,53.00,5,14),(2362,92,53.00,5,14),(2363,93,54.00,5,14),(2364,94,54.00,5,14),(2365,95,54.00,5,14),(2366,96,55.00,5,14),(2367,97,55.00,5,14),(2368,98,55.00,5,14),(2369,99,56.00,5,14),(2370,100,56.00,5,14),(2371,6,0.00,6,3),(2372,7,1.00,6,3),(2373,8,3.00,6,3),(2374,9,4.00,6,3),(2375,10,6.00,6,3),(2376,11,7.00,6,3),(2377,12,9.00,6,3),(2378,13,10.00,6,3),(2379,14,11.00,6,3),(2380,15,13.00,6,3),(2381,16,14.00,6,3),(2382,17,16.00,6,3),(2383,18,17.00,6,3),(2384,19,19.00,6,3),(2385,20,20.00,6,3),(2386,21,22.00,6,3),(2387,22,23.00,6,3),(2388,23,25.00,6,3),(2389,24,26.00,6,3),(2390,25,28.00,6,3),(2391,26,29.00,6,3),(2392,27,30.00,6,3),(2393,28,32.00,6,3),(2394,29,33.00,6,3),(2395,30,35.00,6,3),(2396,31,36.00,6,3),(2397,32,38.00,6,3),(2398,33,39.00,6,3),(2399,34,41.00,6,3),(2400,35,42.00,6,3),(2401,36,44.00,6,3),(2402,37,45.00,6,3),(2403,38,46.00,6,3),(2404,39,48.00,6,3),(2405,40,49.00,6,3),(2406,41,51.00,6,3),(2407,42,52.00,6,3),(2408,43,54.00,6,3),(2409,44,55.00,6,3),(2410,45,57.00,6,3),(2411,46,58.00,6,3),(2412,47,60.00,6,3),(2413,48,61.00,6,3),(2414,49,62.00,6,3),(2415,50,64.00,6,3),(2416,51,65.00,6,3),(2417,52,67.00,6,3),(2418,53,68.00,6,3),(2419,54,70.00,6,3),(2420,55,71.00,6,3),(2421,56,73.00,6,3),(2422,57,74.00,6,3),(2423,58,75.00,6,3),(2424,59,77.00,6,3),(2425,60,78.00,6,3),(2426,61,80.00,6,3),(2427,62,81.00,6,3),(2428,63,83.00,6,3),(2429,64,84.00,6,3),(2430,65,86.00,6,3),(2431,66,87.00,6,3),(2432,67,88.00,6,3),(2433,68,90.00,6,3),(2434,69,91.00,6,3),(2435,70,93.00,6,3),(2436,71,94.00,6,3),(2437,72,96.00,6,3),(2438,73,97.00,6,3),(2439,74,99.00,6,3),(2440,75,100.00,6,3),(2441,76,101.00,6,3),(2442,77,103.00,6,3),(2443,78,104.00,6,3),(2444,79,106.00,6,3),(2445,80,107.00,6,3),(2446,81,109.00,6,3),(2447,82,110.00,6,3),(2448,83,112.00,6,3),(2449,84,113.00,6,3),(2450,85,114.00,6,3),(2451,86,116.00,6,3),(2452,87,117.00,6,3),(2453,88,119.00,6,3),(2454,89,120.00,6,3),(2455,90,122.00,6,3),(2456,91,123.00,6,3),(2457,92,125.00,6,3),(2458,93,126.00,6,3),(2459,94,127.00,6,3),(2460,95,129.00,6,3),(2461,96,130.00,6,3),(2462,97,132.00,6,3),(2463,98,133.00,6,3),(2464,99,135.00,6,3),(2465,100,136.00,6,3),(2466,6,0.00,6,8),(2467,7,1.00,6,8),(2468,8,1.00,6,8),(2469,9,2.00,6,8),(2470,10,2.00,6,8),(2471,11,3.00,6,8),(2472,12,3.00,6,8),(2473,13,4.00,6,8),(2474,14,4.00,6,8),(2475,15,4.00,6,8),(2476,16,5.00,6,8),(2477,17,5.00,6,8),(2478,18,6.00,6,8),(2479,19,6.00,6,8),(2480,20,7.00,6,8),(2481,21,7.00,6,8),(2482,22,7.00,6,8),(2483,23,8.00,6,8),(2484,24,8.00,6,8),(2485,25,9.00,6,8),(2486,26,9.00,6,8),(2487,27,9.00,6,8),(2488,28,10.00,6,8),(2489,29,10.00,6,8),(2490,30,10.00,6,8),(2491,31,11.00,6,8),(2492,32,11.00,6,8),(2493,33,11.00,6,8),(2494,34,12.00,6,8),(2495,35,12.00,6,8),(2496,36,12.00,6,8),(2497,37,13.00,6,8),(2498,38,13.00,6,8),(2499,39,13.00,6,8),(2500,40,14.00,6,8),(2501,41,14.00,6,8),(2502,42,14.00,6,8),(2503,43,15.00,6,8),(2504,44,15.00,6,8),(2505,45,15.00,6,8),(2506,46,16.00,6,8),(2507,47,16.00,6,8),(2508,48,16.00,6,8),(2509,49,16.00,6,8),(2510,50,17.00,6,8),(2511,51,17.00,6,8),(2512,52,17.00,6,8),(2513,53,18.00,6,8),(2514,54,18.00,6,8),(2515,55,18.00,6,8),(2516,56,18.00,6,8),(2517,57,19.00,6,8),(2518,58,19.00,6,8),(2519,59,19.00,6,8),(2520,60,19.00,6,8),(2521,61,20.00,6,8),(2522,62,20.00,6,8),(2523,63,20.00,6,8),(2524,64,20.00,6,8),(2525,65,21.00,6,8),(2526,66,21.00,6,8),(2527,67,21.00,6,8),(2528,68,21.00,6,8),(2529,69,21.00,6,8),(2530,70,22.00,6,8),(2531,71,22.00,6,8),(2532,72,22.00,6,8),(2533,73,22.00,6,8),(2534,74,23.00,6,8),(2535,75,23.00,6,8),(2536,76,23.00,6,8),(2537,77,23.00,6,8),(2538,78,23.00,6,8),(2539,79,24.00,6,8),(2540,80,24.00,6,8),(2541,81,24.00,6,8),(2542,82,24.00,6,8),(2543,83,24.00,6,8),(2544,84,25.00,6,8),(2545,85,25.00,6,8),(2546,86,25.00,6,8),(2547,87,25.00,6,8),(2548,88,25.00,6,8),(2549,89,26.00,6,8),(2550,90,26.00,6,8),(2551,91,26.00,6,8),(2552,92,26.00,6,8),(2553,93,26.00,6,8),(2554,94,26.00,6,8),(2555,95,27.00,6,8),(2556,96,27.00,6,8),(2557,97,27.00,6,8),(2558,98,27.00,6,8),(2559,99,27.00,6,8),(2560,100,28.00,6,8),(2561,6,0.00,6,11),(2562,7,1.00,6,11),(2563,8,1.00,6,11),(2564,9,2.00,6,11),(2565,10,2.00,6,11),(2566,11,3.00,6,11),(2567,12,3.00,6,11),(2568,13,4.00,6,11),(2569,14,4.00,6,11),(2570,15,4.00,6,11),(2571,16,5.00,6,11),(2572,17,5.00,6,11),(2573,18,6.00,6,11),(2574,19,6.00,6,11),(2575,20,7.00,6,11),(2576,21,7.00,6,11),(2577,22,7.00,6,11),(2578,23,8.00,6,11),(2579,24,8.00,6,11),(2580,25,9.00,6,11),(2581,26,9.00,6,11),(2582,27,9.00,6,11),(2583,28,10.00,6,11),(2584,29,10.00,6,11),(2585,30,10.00,6,11),(2586,31,11.00,6,11),(2587,32,11.00,6,11),(2588,33,11.00,6,11),(2589,34,12.00,6,11),(2590,35,12.00,6,11),(2591,36,12.00,6,11),(2592,37,13.00,6,11),(2593,38,13.00,6,11),(2594,39,13.00,6,11),(2595,40,14.00,6,11),(2596,41,14.00,6,11),(2597,42,14.00,6,11),(2598,43,15.00,6,11),(2599,44,15.00,6,11),(2600,45,15.00,6,11),(2601,46,16.00,6,11),(2602,47,16.00,6,11),(2603,48,16.00,6,11),(2604,49,16.00,6,11),(2605,50,17.00,6,11),(2606,51,17.00,6,11),(2607,52,17.00,6,11),(2608,53,18.00,6,11),(2609,54,18.00,6,11),(2610,55,18.00,6,11),(2611,56,18.00,6,11),(2612,57,19.00,6,11),(2613,58,19.00,6,11),(2614,59,19.00,6,11),(2615,60,19.00,6,11),(2616,61,20.00,6,11),(2617,62,20.00,6,11),(2618,63,20.00,6,11),(2619,64,20.00,6,11),(2620,65,21.00,6,11),(2621,66,21.00,6,11),(2622,67,21.00,6,11),(2623,68,21.00,6,11),(2624,69,21.00,6,11),(2625,70,22.00,6,11),(2626,71,22.00,6,11),(2627,72,22.00,6,11),(2628,73,22.00,6,11),(2629,74,23.00,6,11),(2630,75,23.00,6,11),(2631,76,23.00,6,11),(2632,77,23.00,6,11),(2633,78,23.00,6,11),(2634,79,24.00,6,11),(2635,80,24.00,6,11),(2636,81,24.00,6,11),(2637,82,24.00,6,11),(2638,83,24.00,6,11),(2639,84,25.00,6,11),(2640,85,25.00,6,11),(2641,86,25.00,6,11),(2642,87,25.00,6,11),(2643,88,25.00,6,11),(2644,89,26.00,6,11),(2645,90,26.00,6,11),(2646,91,26.00,6,11),(2647,92,26.00,6,11),(2648,93,26.00,6,11),(2649,94,26.00,6,11),(2650,95,27.00,6,11),(2651,96,27.00,6,11),(2652,97,27.00,6,11),(2653,98,27.00,6,11),(2654,99,27.00,6,11),(2655,100,28.00,6,11),(2656,6,0.00,6,14),(2657,7,1.00,6,14),(2658,8,1.00,6,14),(2659,9,2.00,6,14),(2660,10,2.00,6,14),(2661,11,3.00,6,14),(2662,12,3.00,6,14),(2663,13,4.00,6,14),(2664,14,4.00,6,14),(2665,15,4.00,6,14),(2666,16,5.00,6,14),(2667,17,5.00,6,14),(2668,18,6.00,6,14),(2669,19,6.00,6,14),(2670,20,7.00,6,14),(2671,21,7.00,6,14),(2672,22,7.00,6,14),(2673,23,8.00,6,14),(2674,24,8.00,6,14),(2675,25,9.00,6,14),(2676,26,9.00,6,14),(2677,27,9.00,6,14),(2678,28,10.00,6,14),(2679,29,10.00,6,14),(2680,30,10.00,6,14),(2681,31,11.00,6,14),(2682,32,11.00,6,14),(2683,33,11.00,6,14),(2684,34,12.00,6,14),(2685,35,12.00,6,14),(2686,36,12.00,6,14),(2687,37,13.00,6,14),(2688,38,13.00,6,14),(2689,39,13.00,6,14),(2690,40,14.00,6,14),(2691,41,14.00,6,14),(2692,42,14.00,6,14),(2693,43,15.00,6,14),(2694,44,15.00,6,14),(2695,45,15.00,6,14),(2696,46,16.00,6,14),(2697,47,16.00,6,14),(2698,48,16.00,6,14),(2699,49,16.00,6,14),(2700,50,17.00,6,14),(2701,51,17.00,6,14),(2702,52,17.00,6,14),(2703,53,18.00,6,14),(2704,54,18.00,6,14),(2705,55,18.00,6,14),(2706,56,18.00,6,14),(2707,57,19.00,6,14),(2708,58,19.00,6,14),(2709,59,19.00,6,14),(2710,60,19.00,6,14),(2711,61,20.00,6,14),(2712,62,20.00,6,14),(2713,63,20.00,6,14),(2714,64,20.00,6,14),(2715,65,21.00,6,14),(2716,66,21.00,6,14),(2717,67,21.00,6,14),(2718,68,21.00,6,14),(2719,69,21.00,6,14),(2720,70,22.00,6,14),(2721,71,22.00,6,14),(2722,72,22.00,6,14),(2723,73,22.00,6,14),(2724,74,23.00,6,14),(2725,75,23.00,6,14),(2726,76,23.00,6,14),(2727,77,23.00,6,14),(2728,78,23.00,6,14),(2729,79,24.00,6,14),(2730,80,24.00,6,14),(2731,81,24.00,6,14),(2732,82,24.00,6,14),(2733,83,24.00,6,14),(2734,84,25.00,6,14),(2735,85,25.00,6,14),(2736,86,25.00,6,14),(2737,87,25.00,6,14),(2738,88,25.00,6,14),(2739,89,26.00,6,14),(2740,90,26.00,6,14),(2741,91,26.00,6,14),(2742,92,26.00,6,14),(2743,93,26.00,6,14),(2744,94,26.00,6,14),(2745,95,27.00,6,14),(2746,96,27.00,6,14),(2747,97,27.00,6,14),(2748,98,27.00,6,14),(2749,99,27.00,6,14),(2750,100,28.00,6,14),(2751,6,0.00,6,10),(2752,7,4.00,6,10),(2753,8,9.00,6,10),(2754,9,13.00,6,10),(2755,10,17.00,6,10),(2756,11,21.00,6,10),(2757,12,25.00,6,10),(2758,13,28.00,6,10),(2759,14,32.00,6,10),(2760,15,35.00,6,10),(2761,16,39.00,6,10),(2762,17,42.00,6,10),(2763,18,45.00,6,10),(2764,19,48.00,6,10),(2765,20,50.00,6,10),(2766,21,53.00,6,10),(2767,22,56.00,6,10),(2768,23,58.00,6,10),(2769,24,61.00,6,10),(2770,25,63.00,6,10),(2771,26,66.00,6,10),(2772,27,68.00,6,10),(2773,28,70.00,6,10),(2774,29,72.00,6,10),(2775,30,74.00,6,10),(2776,31,76.00,6,10),(2777,32,78.00,6,10),(2778,33,80.00,6,10),(2779,34,82.00,6,10),(2780,35,83.00,6,10),(2781,36,85.00,6,10),(2782,37,87.00,6,10),(2783,38,88.00,6,10),(2784,39,90.00,6,10),(2785,40,91.00,6,10),(2786,41,93.00,6,10),(2787,42,94.00,6,10),(2788,43,96.00,6,10),(2789,44,97.00,6,10),(2790,45,98.00,6,10),(2791,46,100.00,6,10),(2792,47,101.00,6,10),(2793,48,102.00,6,10),(2794,49,103.00,6,10),(2795,50,104.00,6,10),(2796,51,106.00,6,10),(2797,52,107.00,6,10),(2798,53,108.00,6,10),(2799,54,109.00,6,10),(2800,55,110.00,6,10),(2801,56,111.00,6,10),(2802,57,112.00,6,10),(2803,58,113.00,6,10),(2804,59,114.00,6,10),(2805,60,115.00,6,10),(2806,61,116.00,6,10),(2807,62,116.00,6,10),(2808,63,117.00,6,10),(2809,64,118.00,6,10),(2810,65,119.00,6,10),(2811,66,120.00,6,10),(2812,67,121.00,6,10),(2813,68,121.00,6,10),(2814,69,122.00,6,10),(2815,70,123.00,6,10),(2816,71,124.00,6,10),(2817,72,124.00,6,10),(2818,73,125.00,6,10),(2819,74,126.00,6,10),(2820,75,126.00,6,10),(2821,76,127.00,6,10),(2822,77,128.00,6,10),(2823,78,128.00,6,10),(2824,79,129.00,6,10),(2825,80,130.00,6,10),(2826,81,130.00,6,10),(2827,82,131.00,6,10),(2828,83,131.00,6,10),(2829,84,132.00,6,10),(2830,85,133.00,6,10),(2831,86,133.00,6,10),(2832,87,134.00,6,10),(2833,88,134.00,6,10),(2834,89,135.00,6,10),(2835,90,135.00,6,10),(2836,91,136.00,6,10),(2837,92,136.00,6,10),(2838,93,137.00,6,10),(2839,94,137.00,6,10),(2840,95,138.00,6,10),(2841,96,138.00,6,10),(2842,97,139.00,6,10),(2843,98,139.00,6,10),(2844,99,140.00,6,10),(2845,100,140.00,6,10),(2846,6,0.00,6,13),(2847,7,4.00,6,13),(2848,8,9.00,6,13),(2849,9,13.00,6,13),(2850,10,17.00,6,13),(2851,11,21.00,6,13),(2852,12,25.00,6,13),(2853,13,28.00,6,13),(2854,14,32.00,6,13),(2855,15,35.00,6,13),(2856,16,39.00,6,13),(2857,17,42.00,6,13),(2858,18,45.00,6,13),(2859,19,48.00,6,13),(2860,20,50.00,6,13),(2861,21,53.00,6,13),(2862,22,56.00,6,13),(2863,23,58.00,6,13),(2864,24,61.00,6,13),(2865,25,63.00,6,13),(2866,26,66.00,6,13),(2867,27,68.00,6,13),(2868,28,70.00,6,13),(2869,29,72.00,6,13),(2870,30,74.00,6,13),(2871,31,76.00,6,13),(2872,32,78.00,6,13),(2873,33,80.00,6,13),(2874,34,82.00,6,13),(2875,35,83.00,6,13),(2876,36,85.00,6,13),(2877,37,87.00,6,13),(2878,38,88.00,6,13),(2879,39,90.00,6,13),(2880,40,91.00,6,13),(2881,41,93.00,6,13),(2882,42,94.00,6,13),(2883,43,96.00,6,13),(2884,44,97.00,6,13),(2885,45,98.00,6,13),(2886,46,100.00,6,13),(2887,47,101.00,6,13),(2888,48,102.00,6,13),(2889,49,103.00,6,13),(2890,50,104.00,6,13),(2891,51,106.00,6,13),(2892,52,107.00,6,13),(2893,53,108.00,6,13),(2894,54,109.00,6,13),(2895,55,110.00,6,13),(2896,56,111.00,6,13),(2897,57,112.00,6,13),(2898,58,113.00,6,13),(2899,59,114.00,6,13),(2900,60,115.00,6,13),(2901,61,116.00,6,13),(2902,62,116.00,6,13),(2903,63,117.00,6,13),(2904,64,118.00,6,13),(2905,65,119.00,6,13),(2906,66,120.00,6,13),(2907,67,121.00,6,13),(2908,68,121.00,6,13),(2909,69,122.00,6,13),(2910,70,123.00,6,13),(2911,71,124.00,6,13),(2912,72,124.00,6,13),(2913,73,125.00,6,13),(2914,74,126.00,6,13),(2915,75,126.00,6,13),(2916,76,127.00,6,13),(2917,77,128.00,6,13),(2918,78,128.00,6,13),(2919,79,129.00,6,13),(2920,80,130.00,6,13),(2921,81,130.00,6,13),(2922,82,131.00,6,13),(2923,83,131.00,6,13),(2924,84,132.00,6,13),(2925,85,133.00,6,13),(2926,86,133.00,6,13),(2927,87,134.00,6,13),(2928,88,134.00,6,13),(2929,89,135.00,6,13),(2930,90,135.00,6,13),(2931,91,136.00,6,13),(2932,92,136.00,6,13),(2933,93,137.00,6,13),(2934,94,137.00,6,13),(2935,95,138.00,6,13),(2936,96,138.00,6,13),(2937,97,139.00,6,13),(2938,98,139.00,6,13),(2939,99,140.00,6,13),(2940,100,140.00,6,13),(2941,6,0.00,6,16),(2942,7,4.00,6,16),(2943,8,9.00,6,16),(2944,9,13.00,6,16),(2945,10,17.00,6,16),(2946,11,21.00,6,16),(2947,12,25.00,6,16),(2948,13,28.00,6,16),(2949,14,32.00,6,16),(2950,15,35.00,6,16),(2951,16,39.00,6,16),(2952,17,42.00,6,16),(2953,18,45.00,6,16),(2954,19,48.00,6,16),(2955,20,50.00,6,16),(2956,21,53.00,6,16),(2957,22,56.00,6,16),(2958,23,58.00,6,16),(2959,24,61.00,6,16),(2960,25,63.00,6,16),(2961,26,66.00,6,16),(2962,27,68.00,6,16),(2963,28,70.00,6,16),(2964,29,72.00,6,16),(2965,30,74.00,6,16),(2966,31,76.00,6,16),(2967,32,78.00,6,16),(2968,33,80.00,6,16),(2969,34,82.00,6,16),(2970,35,83.00,6,16),(2971,36,85.00,6,16),(2972,37,87.00,6,16),(2973,38,88.00,6,16),(2974,39,90.00,6,16),(2975,40,91.00,6,16),(2976,41,93.00,6,16),(2977,42,94.00,6,16),(2978,43,96.00,6,16),(2979,44,97.00,6,16),(2980,45,98.00,6,16),(2981,46,100.00,6,16),(2982,47,101.00,6,16),(2983,48,102.00,6,16),(2984,49,103.00,6,16),(2985,50,104.00,6,16),(2986,51,106.00,6,16),(2987,52,107.00,6,16),(2988,53,108.00,6,16),(2989,54,109.00,6,16),(2990,55,110.00,6,16),(2991,56,111.00,6,16),(2992,57,112.00,6,16),(2993,58,113.00,6,16),(2994,59,114.00,6,16),(2995,60,115.00,6,16),(2996,61,116.00,6,16),(2997,62,116.00,6,16),(2998,63,117.00,6,16),(2999,64,118.00,6,16),(3000,65,119.00,6,16),(3001,66,120.00,6,16),(3002,67,121.00,6,16),(3003,68,121.00,6,16),(3004,69,122.00,6,16),(3005,70,123.00,6,16),(3006,71,124.00,6,16),(3007,72,124.00,6,16),(3008,73,125.00,6,16),(3009,74,126.00,6,16),(3010,75,126.00,6,16),(3011,76,127.00,6,16),(3012,77,128.00,6,16),(3013,78,128.00,6,16),(3014,79,129.00,6,16),(3015,80,130.00,6,16),(3016,81,130.00,6,16),(3017,82,131.00,6,16),(3018,83,131.00,6,16),(3019,84,132.00,6,16),(3020,85,133.00,6,16),(3021,86,133.00,6,16),(3022,87,134.00,6,16),(3023,88,134.00,6,16),(3024,89,135.00,6,16),(3025,90,135.00,6,16),(3026,91,136.00,6,16),(3027,92,136.00,6,16),(3028,93,137.00,6,16),(3029,94,137.00,6,16),(3030,95,138.00,6,16),(3031,96,138.00,6,16),(3032,97,139.00,6,16),(3033,98,139.00,6,16),(3034,99,140.00,6,16),(3035,100,140.00,6,16),(3036,6,0.00,6,17),(3037,7,4.00,6,17),(3038,8,9.00,6,17),(3039,9,13.00,6,17),(3040,10,17.00,6,17),(3041,11,21.00,6,17),(3042,12,25.00,6,17),(3043,13,28.00,6,17),(3044,14,32.00,6,17),(3045,15,35.00,6,17),(3046,16,39.00,6,17),(3047,17,42.00,6,17),(3048,18,45.00,6,17),(3049,19,48.00,6,17),(3050,20,50.00,6,17),(3051,21,53.00,6,17),(3052,22,56.00,6,17),(3053,23,58.00,6,17),(3054,24,61.00,6,17),(3055,25,63.00,6,17),(3056,26,66.00,6,17),(3057,27,68.00,6,17),(3058,28,70.00,6,17),(3059,29,72.00,6,17),(3060,30,74.00,6,17),(3061,31,76.00,6,17),(3062,32,78.00,6,17),(3063,33,80.00,6,17),(3064,34,82.00,6,17),(3065,35,83.00,6,17),(3066,36,85.00,6,17),(3067,37,87.00,6,17),(3068,38,88.00,6,17),(3069,39,90.00,6,17),(3070,40,91.00,6,17),(3071,41,93.00,6,17),(3072,42,94.00,6,17),(3073,43,96.00,6,17),(3074,44,97.00,6,17),(3075,45,98.00,6,17),(3076,46,100.00,6,17),(3077,47,101.00,6,17),(3078,48,102.00,6,17),(3079,49,103.00,6,17),(3080,50,104.00,6,17),(3081,51,106.00,6,17),(3082,52,107.00,6,17),(3083,53,108.00,6,17),(3084,54,109.00,6,17),(3085,55,110.00,6,17),(3086,56,111.00,6,17),(3087,57,112.00,6,17),(3088,58,113.00,6,17),(3089,59,114.00,6,17),(3090,60,115.00,6,17),(3091,61,116.00,6,17),(3092,62,116.00,6,17),(3093,63,117.00,6,17),(3094,64,118.00,6,17),(3095,65,119.00,6,17),(3096,66,120.00,6,17),(3097,67,121.00,6,17),(3098,68,121.00,6,17),(3099,69,122.00,6,17),(3100,70,123.00,6,17),(3101,71,124.00,6,17),(3102,72,124.00,6,17),(3103,73,125.00,6,17),(3104,74,126.00,6,17),(3105,75,126.00,6,17),(3106,76,127.00,6,17),(3107,77,128.00,6,17),(3108,78,128.00,6,17),(3109,79,129.00,6,17),(3110,80,130.00,6,17),(3111,81,130.00,6,17),(3112,82,131.00,6,17),(3113,83,131.00,6,17),(3114,84,132.00,6,17),(3115,85,133.00,6,17),(3116,86,133.00,6,17),(3117,87,134.00,6,17),(3118,88,134.00,6,17),(3119,89,135.00,6,17),(3120,90,135.00,6,17),(3121,91,136.00,6,17),(3122,92,136.00,6,17),(3123,93,137.00,6,17),(3124,94,137.00,6,17),(3125,95,138.00,6,17),(3126,96,138.00,6,17),(3127,97,139.00,6,17),(3128,98,139.00,6,17),(3129,99,140.00,6,17),(3130,100,140.00,6,17),(3131,6,0.00,6,18),(3132,7,4.00,6,18),(3133,8,9.00,6,18),(3134,9,13.00,6,18),(3135,10,17.00,6,18),(3136,11,21.00,6,18),(3137,12,25.00,6,18),(3138,13,28.00,6,18),(3139,14,32.00,6,18),(3140,15,35.00,6,18),(3141,16,39.00,6,18),(3142,17,42.00,6,18),(3143,18,45.00,6,18),(3144,19,48.00,6,18),(3145,20,50.00,6,18),(3146,21,53.00,6,18),(3147,22,56.00,6,18),(3148,23,58.00,6,18),(3149,24,61.00,6,18),(3150,25,63.00,6,18),(3151,26,66.00,6,18),(3152,27,68.00,6,18),(3153,28,70.00,6,18),(3154,29,72.00,6,18),(3155,30,74.00,6,18),(3156,31,76.00,6,18),(3157,32,78.00,6,18),(3158,33,80.00,6,18),(3159,34,82.00,6,18),(3160,35,83.00,6,18),(3161,36,85.00,6,18),(3162,37,87.00,6,18),(3163,38,88.00,6,18),(3164,39,90.00,6,18),(3165,40,91.00,6,18),(3166,41,93.00,6,18),(3167,42,94.00,6,18),(3168,43,96.00,6,18),(3169,44,97.00,6,18),(3170,45,98.00,6,18),(3171,46,100.00,6,18),(3172,47,101.00,6,18),(3173,48,102.00,6,18),(3174,49,103.00,6,18),(3175,50,104.00,6,18),(3176,51,106.00,6,18),(3177,52,107.00,6,18),(3178,53,108.00,6,18),(3179,54,109.00,6,18),(3180,55,110.00,6,18),(3181,56,111.00,6,18),(3182,57,112.00,6,18),(3183,58,113.00,6,18),(3184,59,114.00,6,18),(3185,60,115.00,6,18),(3186,61,116.00,6,18),(3187,62,116.00,6,18),(3188,63,117.00,6,18),(3189,64,118.00,6,18),(3190,65,119.00,6,18),(3191,66,120.00,6,18),(3192,67,121.00,6,18),(3193,68,121.00,6,18),(3194,69,122.00,6,18),(3195,70,123.00,6,18),(3196,71,124.00,6,18),(3197,72,124.00,6,18),(3198,73,125.00,6,18),(3199,74,126.00,6,18),(3200,75,126.00,6,18),(3201,76,127.00,6,18),(3202,77,128.00,6,18),(3203,78,128.00,6,18),(3204,79,129.00,6,18),(3205,80,130.00,6,18),(3206,81,130.00,6,18),(3207,82,131.00,6,18),(3208,83,131.00,6,18),(3209,84,132.00,6,18),(3210,85,133.00,6,18),(3211,86,133.00,6,18),(3212,87,134.00,6,18),(3213,88,134.00,6,18),(3214,89,135.00,6,18),(3215,90,135.00,6,18),(3216,91,136.00,6,18),(3217,92,136.00,6,18),(3218,93,137.00,6,18),(3219,94,137.00,6,18),(3220,95,138.00,6,18),(3221,96,138.00,6,18),(3222,97,139.00,6,18),(3223,98,139.00,6,18),(3224,99,140.00,6,18),(3225,100,140.00,6,18),(3226,6,0.00,6,19),(3227,7,4.00,6,19),(3228,8,9.00,6,19),(3229,9,13.00,6,19),(3230,10,17.00,6,19),(3231,11,21.00,6,19),(3232,12,25.00,6,19),(3233,13,28.00,6,19),(3234,14,32.00,6,19),(3235,15,35.00,6,19),(3236,16,39.00,6,19),(3237,17,42.00,6,19),(3238,18,45.00,6,19),(3239,19,48.00,6,19),(3240,20,50.00,6,19),(3241,21,53.00,6,19),(3242,22,56.00,6,19),(3243,23,58.00,6,19),(3244,24,61.00,6,19),(3245,25,63.00,6,19),(3246,26,66.00,6,19),(3247,27,68.00,6,19),(3248,28,70.00,6,19),(3249,29,72.00,6,19),(3250,30,74.00,6,19),(3251,31,76.00,6,19),(3252,32,78.00,6,19),(3253,33,80.00,6,19),(3254,34,82.00,6,19),(3255,35,83.00,6,19),(3256,36,85.00,6,19),(3257,37,87.00,6,19),(3258,38,88.00,6,19),(3259,39,90.00,6,19),(3260,40,91.00,6,19),(3261,41,93.00,6,19),(3262,42,94.00,6,19),(3263,43,96.00,6,19),(3264,44,97.00,6,19),(3265,45,98.00,6,19),(3266,46,100.00,6,19),(3267,47,101.00,6,19),(3268,48,102.00,6,19),(3269,49,103.00,6,19),(3270,50,104.00,6,19),(3271,51,106.00,6,19),(3272,52,107.00,6,19),(3273,53,108.00,6,19),(3274,54,109.00,6,19),(3275,55,110.00,6,19),(3276,56,111.00,6,19),(3277,57,112.00,6,19),(3278,58,113.00,6,19),(3279,59,114.00,6,19),(3280,60,115.00,6,19),(3281,61,116.00,6,19),(3282,62,116.00,6,19),(3283,63,117.00,6,19),(3284,64,118.00,6,19),(3285,65,119.00,6,19),(3286,66,120.00,6,19),(3287,67,121.00,6,19),(3288,68,121.00,6,19),(3289,69,122.00,6,19),(3290,70,123.00,6,19),(3291,71,124.00,6,19),(3292,72,124.00,6,19),(3293,73,125.00,6,19),(3294,74,126.00,6,19),(3295,75,126.00,6,19),(3296,76,127.00,6,19),(3297,77,128.00,6,19),(3298,78,128.00,6,19),(3299,79,129.00,6,19),(3300,80,130.00,6,19),(3301,81,130.00,6,19),(3302,82,131.00,6,19),(3303,83,131.00,6,19),(3304,84,132.00,6,19),(3305,85,133.00,6,19),(3306,86,133.00,6,19),(3307,87,134.00,6,19),(3308,88,134.00,6,19),(3309,89,135.00,6,19),(3310,90,135.00,6,19),(3311,91,136.00,6,19),(3312,92,136.00,6,19),(3313,93,137.00,6,19),(3314,94,137.00,6,19),(3315,95,138.00,6,19),(3316,96,138.00,6,19),(3317,97,139.00,6,19),(3318,98,139.00,6,19),(3319,99,140.00,6,19),(3320,100,140.00,6,19);

INSERT INTO `stat_increase_amulet` (id, flat_increase, percentage_increase, amulet_id, stat_id) VALUES (1,0,0.07,1,1),(2,0,0.13,2,1),(3,0,0.10,3,2),(4,0,0.15,4,2),(5,0,0.20,5,3),(6,0,0.05,10,1),(7,0,0.07,10,2),(8,0,0.07,10,3),(9,0,0.06,11,1),(10,0,0.08,11,2),(11,0,0.08,11,3),(12,0,0.07,12,1),(13,0,0.10,12,2),(14,0,0.10,12,3),(15,0,0.15,25,23),(16,0,0.30,26,23),(17,8,0.00,27,6),(18,140,0.00,29,17),(19,60,0.00,29,18),(20,60,0.00,29,19),(21,200,0.00,30,17),(22,80,0.00,30,18),(23,80,0.00,30,19);

INSERT INTO `stat_increase_armor` (id, flat_increase, armor_id, stat_id) VALUES (1,7.36,1,6),(2,11.61,2,6),(3,15.25,3,6),(4,19.80,4,6),(5,15.85,5,6),(6,19.50,6,6),(7,24.05,7,6),(8,20.10,8,6),(9,23.74,9,6),(10,28.30,10,6),(11,24.35,11,6),(12,27.99,12,6),(13,32.54,13,6),(14,28.60,14,6),(15,32.24,15,6),(16,36.79,16,6),(17,32.85,17,6),(18,36.49,18,6),(19,40.84,19,6),(20,37.11,20,6),(21,40.73,21,6),(22,44.87,22,6),(23,0.78,23,6),(24,2.61,23,9),(25,2.48,23,12),(26,2.74,23,15),(27,40.00,23,10),(28,36.00,23,13),(29,37.00,23,16),(30,1.21,24,6),(31,4.44,24,9),(32,7.67,24,12),(33,4.66,24,15),(34,51.00,24,10),(35,101.00,24,13),(36,49.00,24,16),(37,1.51,25,6),(38,5.52,25,9),(39,9.54,25,12),(40,5.80,25,15),(41,126.00,25,10),(42,287.00,25,13),(43,129.00,25,16),(44,1.69,26,6),(45,6.21,26,9),(46,10.73,26,12),(47,6.52,26,15),(48,151.00,26,10),(49,344.00,26,13),(50,155.00,26,16),(51,1.24,27,6),(52,8.26,27,9),(53,3.92,27,12),(54,4.33,27,15),(55,103.00,27,10),(56,47.00,27,13),(57,48.00,27,16),(58,1.53,28,6),(59,10.22,28,9),(60,4.85,28,12),(61,5.36,28,15),(62,284.00,28,10),(63,127.00,28,13),(64,137.00,28,16),(65,1.72,29,6),(66,11.47,29,9),(67,5.45,29,12),(68,6.02,29,15),(69,340.00,29,10),(70,152.00,29,13),(71,164.00,29,16),(72,1.27,30,6),(73,3.80,30,9),(74,3.61,30,12),(75,8.86,30,15),(76,52.00,30,10),(77,44.00,30,13),(78,105.00,30,16),(79,1.56,31,6),(80,4.68,31,9),(81,4.44,31,12),(82,10.92,31,15),(83,142.00,31,10),(84,126.00,31,13),(85,289.00,31,16),(86,1.75,32,6),(87,5.24,32,9),(88,4.98,32,12),(89,12.23,32,15),(90,170.00,32,10),(91,151.00,32,13),(92,347.00,32,16),(93,2.28,33,6),(94,8.37,33,9),(95,14.46,33,12),(96,8.79,33,15),(97,75.00,33,10),(98,172.00,33,13),(99,73.00,33,16),(100,2.58,34,6),(101,9.45,34,9),(102,16.32,34,12),(103,9.92,34,15),(104,135.00,34,10),(105,307.00,34,13),(106,138.00,34,16),(107,2.84,35,6),(108,10.43,35,9),(109,18.02,35,12),(110,10.95,35,15),(111,162.00,35,10),(112,369.00,35,13),(113,166.00,35,16),(114,2.26,36,6),(115,15.04,36,9),(116,7.14,36,12),(117,7.90,36,15),(118,173.00,36,10),(119,77.00,36,13),(120,76.00,36,16),(121,2.55,37,6),(122,17.00,37,9),(123,8.08,37,12),(124,8.93,37,15),(125,304.00,37,10),(126,136.00,37,13),(127,146.00,37,16),(128,2.82,38,6),(129,18.79,38,9),(130,8.92,38,12),(131,9.86,38,15),(132,365.00,38,10),(133,163.00,38,13),(134,176.00,38,16),(135,2.23,39,6),(136,6.69,39,9),(137,6.35,39,12),(138,15.60,39,15),(139,82.00,39,10),(140,70.00,39,13),(141,175.00,39,16),(142,2.52,40,6),(143,7.57,40,9),(144,7.19,40,12),(145,17.66,40,15),(146,152.00,40,10),(147,135.00,40,13),(148,309.00,40,16),(149,2.79,41,6),(150,8.37,41,9),(151,7.95,41,12),(152,19.54,41,15),(153,182.00,41,10),(154,162.00,41,13),(155,371.00,41,16),(156,3.28,42,6),(157,12.02,42,9),(158,20.76,42,12),(159,12.62,42,15),(160,120.00,42,10),(161,273.00,42,13),(162,123.00,42,16),(163,3.60,43,6),(164,13.19,43,9),(165,22.79,43,12),(166,13.85,43,15),(167,144.00,43,10),(168,328.00,43,13),(169,148.00,43,16),(170,3.96,44,6),(171,14.52,44,9),(172,25.07,44,12),(173,15.24,44,15),(174,173.00,44,10),(175,393.00,44,13),(176,177.00,44,16),(177,3.27,45,6),(178,21.83,45,9),(179,10.37,45,12),(180,11.46,45,15),(181,270.00,45,10),(182,121.00,45,13),(183,130.00,45,16),(184,3.59,46,6),(185,23.96,46,9),(186,11.38,46,12),(187,12.58,46,15),(188,324.00,46,10),(189,145.00,46,13),(190,156.00,46,16),(191,3.95,47,6),(192,26.36,47,9),(193,12.52,47,12),(194,13.84,47,15),(195,389.00,47,10),(196,174.00,47,13),(197,187.00,47,16),(198,3.25,48,6),(199,9.74,48,9),(200,9.25,48,12),(201,22.72,48,15),(202,135.00,48,10),(203,120.00,48,13),(204,275.00,48,16),(205,3.59,49,6),(206,10.77,49,9),(207,10.23,49,12),(208,25.13,49,15),(209,162.00,49,10),(210,144.00,49,13),(211,330.00,49,16),(212,3.95,50,6),(213,11.84,50,9),(214,11.25,50,12),(215,27.64,50,15),(216,194.00,50,10),(217,173.00,50,13),(218,396.00,50,16),(219,0.78,51,6),(220,38.00,51,17),(221,37.00,51,18),(222,38.00,51,19),(223,1.32,52,6),(224,60.00,52,17),(225,61.00,52,18),(226,105.00,52,19),(227,1.69,53,6),(228,152.00,53,17),(229,160.00,53,18),(230,306.00,53,19),(231,2.47,54,6),(232,183.00,54,17),(233,192.00,54,18),(234,367.00,54,19),(235,2.36,55,6),(236,85.00,55,17),(237,83.00,55,18),(238,180.00,55,19),(239,2.66,56,6),(240,163.00,56,17),(241,171.00,56,18),(242,327.00,56,19),(243,2.93,57,6),(244,196.00,57,17),(245,205.00,57,18),(246,393.00,57,19),(247,3.30,58,6),(248,145.00,58,17),(249,152.00,58,18),(250,291.00,58,19),(251,3.59,59,6),(252,174.00,59,17),(253,182.00,59,18),(254,349.00,59,19),(255,3.95,60,6),(256,209.00,60,17),(257,219.00,60,18),(258,419.00,60,19),(259,1.29,61,6),(260,66.00,61,17),(261,108.00,61,18),(262,68.00,61,19),(263,1.67,62,6),(264,163.00,62,17),(265,316.00,62,18),(266,154.00,62,19),(267,2.44,63,6),(268,195.00,63,17),(269,379.00,63,18),(270,185.00,63,19),(271,2.34,64,6),(272,99.00,64,17),(273,187.00,64,18),(274,93.00,64,19),(275,2.63,65,6),(276,174.00,65,17),(277,339.00,65,18),(278,165.00,65,19),(279,2.90,66,6),(280,209.00,66,17),(281,406.00,66,18),(282,198.00,66,19),(283,3.29,67,6),(284,155.00,67,17),(285,301.00,67,18),(286,147.00,67,19),(287,3.59,68,6),(288,186.00,68,17),(289,361.00,68,18),(290,176.00,68,19),(291,3.95,69,6),(292,223.00,69,17),(293,433.00,69,18),(294,212.00,69,19),(295,1.35,70,6),(296,88.00,70,17),(297,57.00,70,18),(298,59.00,70,19),(299,1.72,71,6),(300,296.00,71,17),(301,146.00,71,18),(302,137.00,71,19),(303,2.50,72,6),(304,355.00,72,17),(305,175.00,72,18),(306,164.00,72,19),(307,2.39,73,6),(308,170.00,73,17),(309,81.00,73,18),(310,72.00,73,19),(311,2.68,74,6),(312,317.00,74,17),(313,156.00,74,18),(314,146.00,74,19),(315,2.95,75,6),(316,381.00,75,17),(317,188.00,75,18),(318,176.00,75,19),(319,3.30,76,6),(320,282.00,76,17),(321,139.00,76,18),(322,130.00,76,19),(323,3.60,77,6),(324,338.00,77,17),(325,167.00,77,18),(326,156.00,77,19),(327,3.96,78,6),(328,406.00,78,17),(329,200.00,78,18),(330,187.00,78,19),(331,4.12,79,20),(332,3.44,79,21),(333,5.16,79,22),(334,7.92,80,20),(335,3.30,80,21),(336,4.95,80,22),(337,8.70,81,20),(338,3.63,81,21),(339,5.44,81,22),(340,13.70,82,20),(341,5.71,82,21),(342,8.56,82,22),(343,3.96,83,20),(344,3.30,83,21),(345,9.90,83,22),(346,4.35,84,20),(347,3.63,84,21),(348,10.88,84,22),(349,6.85,85,20),(350,5.71,85,21),(351,17.12,85,22),(352,3.96,86,20),(353,6.60,86,21),(354,4.95,86,22),(355,4.35,87,20),(356,7.25,87,21),(357,5.44,87,22),(358,6.85,88,20),(359,11.42,88,21),(360,8.56,88,22),(361,11.68,89,20),(362,4.87,89,21),(363,7.30,89,22),(364,13.28,90,20),(365,5.53,90,21),(366,8.30,90,22),(367,18.22,91,20),(368,7.59,91,21),(369,11.39,91,22),(370,5.84,92,20),(371,4.87,92,21),(372,14.60,92,22),(373,6.64,93,20),(374,5.53,93,21),(375,16.60,93,22),(376,9.11,94,20),(377,7.59,94,21),(378,22.77,94,22),(379,5.84,95,20),(380,9.74,95,21),(381,7.30,95,22),(382,6.64,96,20),(383,11.06,96,21),(384,8.30,96,22),(385,9.11,97,20),(386,15.18,97,21),(387,11.39,97,22),(388,15.25,98,20),(389,6.35,98,21),(390,9.53,98,22),(391,17.96,99,20),(392,7.48,99,21),(393,11.22,99,22),(394,22.87,100,20),(395,9.53,100,21),(396,14.29,100,22),(397,7.62,101,20),(398,6.35,101,21),(399,19.06,101,22),(400,8.98,102,20),(401,7.48,102,21),(402,22.44,102,22),(403,11.43,103,20),(404,9.53,103,21),(405,28.58,103,22),(406,7.62,104,20),(407,12.71,104,21),(408,9.53,104,22),(409,8.98,105,20),(410,14.96,105,21),(411,11.22,105,22),(412,11.43,106,20),(413,19.06,106,21),(414,14.29,106,22),(415,19.05,107,20),(416,7.94,107,21),(417,11.90,107,22),(418,22.61,108,20),(419,9.42,108,21),(420,14.13,108,22),(421,27.48,109,20),(422,11.45,109,21),(423,17.18,109,22),(424,9.52,110,20),(425,7.94,110,21),(426,23.81,110,22),(427,11.31,111,20),(428,9.42,111,21),(429,28.27,111,22),(430,13.74,112,20),(431,11.45,112,21),(432,34.35,112,22),(433,9.52,113,20),(434,15.87,113,21),(435,11.90,113,22),(436,11.31,114,20),(437,18.84,114,21),(438,14.13,114,22),(439,13.74,115,20),(440,22.90,115,21),(441,17.18,115,22);



